student_id,name,sleep_hours_daily,screen_time_daily,attendance_rate,study_hours_weekly,assignment_completion_rate,midterm_score,final_score,passed,predicted_final_score,pass_probability,risk_level
STU0001,Ishaan Sharma,6.2,1.1,90.0,19.7,85.9,81.2,83.0,1,86.5,100.0,Low
STU0002,Saurabh Rao,6.8,3.0,82.3,17.1,86.5,74.8,78.8,1,81.8,100.0,Low
STU0003,Riya Singh,6.0,3.8,91.8,12.3,84.5,62.1,69.0,1,69.9,100.0,Low
STU0004,Divya Lopez,6.6,7.9,100.0,8.4,87.3,72.4,74.9,1,75.4,100.0,Low
STU0005,Joseph Gupta,4.7,5.5,81.2,15.8,70.6,82.3,80.9,1,84.0,100.0,Low
STU0006,Sarah Brown,7.3,2.1,81.2,14.2,87.8,64.3,80.2,1,78.6,100.0,Low
STU0007,Amit Sharma,7.0,5.4,100.0,16.9,68.3,93.7,90.7,1,92.2,100.0,Low
STU0008,Deepak Patel,6.0,1.7,93.2,15.5,83.6,84.8,78.4,1,82.5,100.0,Low
STU0009,Riya Miller,7.8,6.4,78.4,17.8,81.0,71.8,86.9,1,84.3,100.0,Low
STU0010,Charles Sharma,8.1,3.7,90.5,9.1,85.2,71.0,70.5,1,72.8,100.0,Low
STU0011,Jessica Patel,5.1,4.3,78.4,19.2,88.2,92.2,91.2,1,90.0,100.0,Low
STU0012,Joseph Brown,6.1,6.9,78.4,13.1,64.8,77.9,78.8,1,78.6,100.0,Low
STU0013,Riya Jones,6.1,2.2,86.9,23.4,88.7,87.9,96.8,1,95.0,100.0,Low
STU0014,Sarah Nair,5.9,2.0,61.0,8.2,64.8,57.3,64.7,1,63.6,99.0,Low
STU0015,Aarav Anderson,8.0,3.4,63.3,21.5,83.1,76.7,85.0,1,84.4,100.0,Low
STU0016,Neha Gonzalez,6.8,6.4,77.3,13.1,72.5,67.5,67.2,1,68.0,100.0,Low
STU0017,Linda Smith,6.7,1.8,71.8,8.4,63.7,47.0,69.3,1,65.4,95.0,Low
STU0018,Saurabh Singh,4.6,1.0,87.8,9.3,84.8,87.6,83.6,1,84.0,99.0,Low
STU0019,Rahul Anderson,7.8,3.7,73.1,10.2,66.7,67.7,67.0,1,67.2,100.0,Low
STU0020,Mary Mehta,5.5,5.5,67.1,14.3,74.1,72.2,79.0,1,77.8,100.0,Low
STU0021,Deepak Williams,7.1,6.7,100.0,14.9,100.0,82.4,92.0,1,90.5,100.0,Low
STU0022,Divya Johnson,7.3,3.7,81.3,8.8,59.6,62.2,67.6,1,66.0,99.0,Low
STU0023,John Martinez,8.6,3.8,84.8,11.9,61.7,71.7,88.4,1,83.4,100.0,Low
STU0024,Sanjana Thomas,5.4,6.6,66.9,23.8,97.0,67.5,81.4,1,82.4,100.0,Low
STU0025,Amit Wilson,4.0,1.1,77.5,21.5,84.2,100.0,94.4,1,93.5,100.0,Low
STU0026,Elizabeth Davis,7.2,3.8,85.3,14.4,81.1,66.5,77.1,1,74.1,100.0,Low
STU0027,Ishaan Martin,9.2,4.8,70.2,12.2,65.6,59.5,71.6,1,68.7,99.0,Low
STU0028,Robert Gupta,8.5,5.3,88.5,12.7,80.7,72.1,69.1,1,71.3,100.0,Low
STU0029,Jessica Kumar,7.3,3.6,76.8,15.4,97.5,84.5,73.9,1,76.4,100.0,Low
STU0030,Karen Jackson,6.4,4.6,80.5,6.4,77.9,65.0,63.3,1,66.5,99.0,Low
STU0031,Patricia Rodriguez,8.0,1.0,76.8,10.6,82.9,58.6,57.7,1,70.9,99.0,Low
STU0032,Pooja Gonzalez,5.8,3.3,100.0,2.8,60.0,78.4,69.3,1,71.1,100.0,Low
STU0033,Arjun Verma,7.6,5.3,83.8,14.2,71.7,81.4,84.1,1,82.5,100.0,Low
STU0034,Riya Anderson,7.6,2.7,71.3,15.6,50.7,76.5,68.6,1,72.3,99.0,Low
STU0035,Sneha Gupta,8.3,4.6,93.9,9.3,72.8,79.4,69.9,1,72.5,100.0,Low
STU0036,Riya Moore,10.0,5.3,69.3,20.7,95.3,96.7,94.2,1,91.3,100.0,Low
STU0037,Divya Williams,7.5,3.9,86.5,5.3,76.4,83.4,80.6,1,78.4,100.0,Low
STU0038,Saurabh Jones,6.4,4.8,60.5,3.9,53.9,48.4,38.3,0,42.7,19.0,High
STU0039,Patricia Joshi,7.0,2.8,68.1,13.2,73.6,81.1,81.4,1,79.7,100.0,Low
STU0040,Patricia Johnson,4.9,4.1,86.4,17.8,83.0,84.0,92.8,1,86.8,100.0,Low
STU0041,Rahul Lopez,6.2,5.6,92.9,21.3,100.0,91.7,100.0,1,97.8,100.0,Low
STU0042,Saurabh Gonzalez,6.5,4.8,86.1,9.5,85.0,57.3,75.9,1,73.0,99.0,Low
STU0043,Arjun Martinez,6.4,3.4,82.6,17.9,72.0,78.2,96.0,1,91.7,100.0,Low
STU0044,Neha Davis,7.2,4.9,80.4,11.8,80.9,64.8,69.9,1,69.0,100.0,Low
STU0045,Rohan Joshi,6.0,5.8,66.3,11.1,79.1,71.5,71.3,1,73.8,100.0,Low
STU0046,Elizabeth Williams,8.3,1.0,75.4,16.9,78.9,84.0,81.2,1,84.9,100.0,Low
STU0047,Saurabh Martin,7.0,6.6,78.5,15.6,89.7,58.5,73.5,1,73.1,100.0,Low
STU0048,Jessica Rao,7.0,3.9,96.7,3.3,100.0,67.5,81.7,1,79.3,100.0,Low
STU0049,James Taylor,6.6,5.3,88.1,20.1,93.2,93.3,88.0,1,90.7,100.0,Low
STU0050,Ananya Rao,7.2,6.7,62.8,19.6,84.7,72.1,73.3,1,76.9,100.0,Low
STU0051,Amit Thomas,8.0,2.0,87.9,8.6,69.5,76.3,82.7,1,79.1,100.0,Low
STU0052,James Williams,6.0,3.2,79.4,14.2,82.8,76.6,85.6,1,84.0,100.0,Low
STU0053,Saurabh Gupta,6.2,4.0,75.9,14.7,84.6,75.7,76.8,1,78.1,100.0,Low
STU0054,Rahul Martin,6.6,3.1,91.3,13.4,87.7,75.4,87.1,1,85.8,100.0,Low
STU0055,Thomas Jackson,5.4,7.6,96.4,9.0,71.5,64.6,74.0,1,65.1,100.0,Low
STU0056,James Patel,6.0,3.0,95.2,8.3,82.1,64.1,81.4,1,69.9,100.0,Low
STU0057,Barbara Williams,6.4,3.5,73.9,11.9,89.4,74.5,76.6,1,77.3,100.0,Low
STU0058,Elizabeth Singh,8.0,4.9,80.3,18.5,92.4,79.5,92.5,1,90.8,100.0,Low
STU0059,Sanjana Singh,7.3,2.3,88.0,15.0,96.1,77.1,100.0,1,94.5,100.0,Low
STU0060,Rohan Wilson,7.2,3.8,95.7,10.0,80.5,71.9,80.9,1,74.2,100.0,Low
STU0061,Jessica Davis,8.0,5.1,78.2,16.2,90.9,73.3,81.0,1,80.3,99.0,Low
STU0062,Sanjana Wilson,6.8,3.9,81.8,1.0,65.2,67.3,65.7,1,64.8,100.0,Low
STU0063,Sarah Brown,7.5,4.3,70.7,18.3,73.3,72.6,75.6,1,74.5,100.0,Low
STU0064,Sarah Williams,6.9,3.5,69.6,2.4,61.6,45.0,63.4,1,52.0,65.0,Medium
STU0065,Patricia Rao,7.3,1.8,93.8,10.0,72.0,80.5,80.6,1,80.6,100.0,Low
STU0066,Kavya Miller,6.3,5.1,100.0,5.8,72.4,70.3,71.1,1,70.6,100.0,Low
STU0067,Barbara Gupta,4.1,7.7,83.1,4.9,70.8,64.4,59.8,1,61.4,98.0,Low
STU0068,Ananya Moore,6.8,4.5,96.0,18.4,98.6,98.3,100.0,1,95.9,100.0,Low
STU0069,Ishaan Singh,8.7,4.9,88.3,9.4,66.4,71.4,77.8,1,77.7,100.0,Low
STU0070,Neha Thomas,8.1,5.7,76.3,13.9,89.5,74.5,75.6,1,76.5,100.0,Low
STU0071,Linda Martinez,8.2,2.2,88.3,11.7,87.4,64.9,78.4,1,75.4,100.0,Low
STU0072,Arjun Williams,8.5,7.6,100.0,14.6,84.9,80.8,78.2,1,81.1,100.0,Low
STU0073,Robert Martinez,7.1,4.9,83.6,12.4,65.0,78.2,78.1,1,78.2,100.0,Low
STU0074,Elizabeth Miller,7.2,7.4,100.0,4.9,75.9,58.4,69.8,1,69.3,99.0,Low
STU0075,Sanjana Davis,6.3,3.2,52.6,17.5,68.1,68.6,80.2,1,77.6,100.0,Low
STU0076,Aarav Lopez,6.6,7.8,93.9,9.3,82.0,74.5,73.0,1,73.2,100.0,Low
STU0077,Ishaan Lopez,7.7,5.9,85.0,3.4,64.0,63.4,54.8,1,64.6,97.0,Low
STU0078,Joseph Anderson,8.4,5.5,80.4,9.6,54.5,77.0,66.2,1,68.4,100.0,Low
STU0079,Saurabh Anderson,6.8,4.9,85.1,20.3,89.1,86.1,83.6,1,92.4,100.0,Low
STU0080,Mary Mehta,6.5,4.1,60.1,16.7,72.0,80.9,85.3,1,85.3,100.0,Low
STU0081,Sneha Brown,7.0,6.7,81.4,10.1,82.2,61.7,78.8,1,74.8,100.0,Low
STU0082,Neha Jones,7.7,4.8,88.3,10.1,72.3,73.5,77.0,1,74.7,100.0,Low
STU0083,Aarav Wilson,5.3,1.0,100.0,10.2,100.0,77.9,91.6,1,87.2,100.0,Low
STU0084,Sanjana Miller,4.2,2.5,77.8,23.4,74.9,75.6,86.6,1,85.9,100.0,Low
STU0085,Pranav Miller,6.3,4.2,74.3,14.1,91.4,79.3,80.1,1,79.5,100.0,Low
STU0086,Divya Moore,5.5,5.1,78.0,14.4,78.4,92.1,83.7,1,83.8,100.0,Low
STU0087,Vikram Taylor,6.4,4.4,95.0,17.7,100.0,84.1,90.7,1,92.9,100.0,Low
STU0088,Richard Martinez,6.8,6.7,87.9,13.3,84.7,80.2,73.5,1,78.1,100.0,Low
STU0089,Pooja Singh,6.5,1.0,77.6,10.6,86.1,69.4,74.7,1,75.2,100.0,Low
STU0090,Patricia Anderson,8.7,4.8,90.2,10.9,77.6,68.5,74.6,1,73.7,100.0,Low
STU0091,Neha Davis,7.4,1.2,85.2,11.6,69.0,58.4,72.8,1,71.1,100.0,Low
STU0092,Susan Martin,7.4,5.9,95.6,11.8,99.7,71.8,82.3,1,81.9,100.0,Low
STU0093,Aarav Martinez,7.7,4.3,75.6,16.0,80.7,63.3,72.9,1,71.5,100.0,Low
STU0094,James Garcia,5.6,5.3,80.1,12.3,80.7,85.4,76.4,1,78.4,100.0,Low
STU0095,Aditi Mehta,8.2,2.9,79.3,16.0,96.0,75.0,82.8,1,82.5,100.0,Low
STU0096,Patricia Jackson,6.9,6.8,66.4,11.6,60.3,62.7,68.7,1,64.5,99.0,Low
STU0097,Vikram Rao,7.8,6.4,87.6,12.4,88.4,82.0,76.4,1,86.8,100.0,Low
STU0098,Ananya Rao,5.7,5.6,87.1,1.0,59.2,52.1,55.5,1,55.2,92.0,Low
STU0099,Thomas Gupta,5.1,4.3,84.1,17.0,86.2,72.9,83.5,1,81.8,100.0,Low
STU0100,Deepak Wilson,8.0,5.5,81.2,13.9,82.2,74.7,74.4,1,75.4,100.0,Low
STU0101,Barbara Taylor,7.5,3.2,67.0,17.5,64.7,81.0,75.1,1,80.1,100.0,Low
STU0102,Arjun Anderson,5.9,6.0,79.0,1.0,53.2,61.8,57.8,1,56.1,84.0,Low
STU0103,Joseph Anderson,6.0,7.5,79.9,23.5,100.0,87.1,88.5,1,88.1,100.0,Low
STU0104,Kavya Singh,8.4,6.4,74.4,11.2,82.9,68.8,74.2,1,73.4,100.0,Low
STU0105,David Davis,5.6,3.2,82.1,18.1,87.6,82.8,81.8,1,85.0,100.0,Low
STU0106,Neha Nair,9.0,5.2,88.8,6.3,76.3,69.7,77.1,1,75.1,100.0,Low
STU0107,Susan Moore,5.9,2.2,100.0,15.4,90.2,75.2,100.0,1,93.6,100.0,Low
STU0108,Charles Brown,7.8,5.5,86.1,6.2,85.9,67.2,65.1,1,72.0,100.0,Low
STU0109,Rahul Martin,6.6,5.3,87.1,8.6,74.4,61.6,71.6,1,69.6,100.0,Low
STU0110,Joseph Anderson,7.7,1.1,83.1,22.5,97.6,85.9,90.0,1,91.3,100.0,Low
STU0111,Pooja Gonzalez,6.3,2.4,61.0,11.0,78.5,58.8,69.6,1,67.4,100.0,Low
STU0112,Vikram Williams,6.8,4.0,83.7,13.2,73.9,94.6,78.9,1,81.5,100.0,Low
STU0113,Patricia Jones,7.0,4.0,84.7,16.8,100.0,78.7,89.6,1,88.6,100.0,Low
STU0114,Susan Jones,5.8,2.3,100.0,14.7,76.7,71.4,76.6,1,76.4,100.0,Low
STU0115,Ishaan Rao,7.9,5.2,81.7,12.8,96.3,72.0,77.5,1,78.2,100.0,Low
STU0116,Riya Gupta,6.4,5.0,87.6,14.0,81.1,81.0,76.9,1,78.9,100.0,Low
STU0117,Mary Sharma,6.7,4.2,83.6,25.2,97.2,100.0,100.0,1,99.5,100.0,Low
STU0118,Sarah Davis,5.8,3.1,70.0,11.7,53.6,62.3,59.1,1,61.9,100.0,Low
STU0119,Riya Rodriguez,4.0,6.4,97.7,13.1,84.0,67.1,82.3,1,80.2,100.0,Low
STU0120,Riya Sharma,6.8,7.5,93.0,17.8,82.8,90.1,90.2,1,91.0,100.0,Low
STU0121,Arjun Gonzalez,9.9,3.6,93.5,18.1,87.8,73.1,85.0,1,81.8,100.0,Low
STU0122,Ananya Rao,7.9,3.4,73.1,18.5,82.9,73.0,81.1,1,79.9,100.0,Low
STU0123,Arjun Jackson,7.0,5.4,100.0,15.5,100.0,81.5,86.1,1,86.5,100.0,Low
STU0124,Amit Moore,6.7,3.9,67.2,5.7,64.2,58.2,59.0,1,59.6,99.0,Low
STU0125,Mary Gupta,7.0,4.2,91.0,21.0,100.0,92.1,100.0,1,98.8,100.0,Low
STU0126,Richard Rao,7.7,5.8,100.0,5.7,67.6,66.4,65.5,1,67.1,100.0,Low
STU0127,Saurabh Lopez,5.6,1.1,72.1,13.7,67.8,68.1,78.2,1,74.4,100.0,Low
STU0128,Barbara Patel,8.3,6.9,77.2,7.9,88.4,65.2,78.0,1,75.9,100.0,Low
STU0129,Joseph Singh,7.9,4.6,85.2,11.6,72.6,74.2,71.1,1,73.2,100.0,Low
STU0130,Thomas Rodriguez,7.9,3.8,78.0,13.8,96.3,73.5,70.7,1,73.0,100.0,Low
STU0131,David Rao,7.5,4.3,65.4,13.8,71.0,71.2,73.3,1,72.2,100.0,Low
STU0132,David Thomas,7.0,4.4,84.8,14.3,83.9,82.8,80.6,1,81.9,100.0,Low
STU0133,Michael Patel,7.8,1.4,71.3,20.9,97.7,81.7,99.3,1,93.7,100.0,Low
STU0134,Divya Mehta,7.7,7.2,89.7,14.5,99.3,81.9,87.4,1,87.5,100.0,Low
STU0135,Linda Johnson,6.6,4.6,73.0,10.7,71.4,54.4,58.3,1,59.3,98.0,Low
STU0136,Linda Brown,6.3,5.3,100.0,17.3,92.1,86.2,86.3,1,89.4,100.0,Low
STU0137,Elizabeth Moore,7.1,6.2,74.6,18.5,84.5,80.9,90.9,1,86.5,100.0,Low
STU0138,Ananya Lopez,8.9,2.7,80.1,5.2,71.2,69.1,63.1,1,65.9,99.0,Low
STU0139,Divya Verma,5.5,5.4,93.8,15.3,98.8,75.3,86.2,1,87.0,100.0,Low
STU0140,Jennifer Wilson,5.2,4.0,69.2,15.9,78.5,66.5,79.0,1,76.2,100.0,Low
STU0141,Mary Thomas,7.2,6.0,86.7,10.4,85.1,67.6,71.3,1,73.0,100.0,Low
STU0142,Divya Rao,7.1,1.0,99.7,19.6,100.0,92.7,99.0,1,97.8,100.0,Low
STU0143,Pooja Patel,7.2,4.3,64.7,11.2,73.0,72.6,69.8,1,70.8,100.0,Low
STU0144,Joseph Jones,7.3,3.4,86.2,12.7,85.3,71.5,82.0,1,79.5,100.0,Low
STU0145,Kavya Brown,6.7,5.3,87.1,11.0,64.9,80.3,81.1,1,80.5,100.0,Low
STU0146,Pranav Nair,8.8,5.3,93.4,12.1,58.5,77.9,76.7,1,77.6,100.0,Low
STU0147,Elizabeth Rao,5.1,3.2,69.2,6.0,67.5,58.9,59.7,1,59.3,99.0,Low
STU0148,Arjun Jones,6.0,3.2,68.2,4.1,59.3,55.5,52.4,1,53.1,94.0,Low
STU0149,Jessica Mehta,6.9,4.3,90.3,20.8,91.2,92.1,87.6,1,91.9,100.0,Low
STU0150,Ananya Hernandez,5.0,2.9,87.6,7.3,77.2,71.4,73.7,1,73.9,100.0,Low
STU0151,Joseph Taylor,6.8,6.0,87.0,6.5,72.6,85.8,88.5,1,83.8,100.0,Low
STU0152,Aarav Gupta,9.0,3.8,88.2,1.0,76.9,54.7,53.8,1,56.6,97.0,Low
STU0153,Rohan Joshi,7.0,1.0,75.8,8.5,71.5,69.7,64.1,1,65.9,100.0,Low
STU0154,Michael Garcia,7.3,3.8,86.8,4.7,63.0,61.1,57.7,1,59.6,100.0,Low
STU0155,David Patel,5.5,2.6,87.5,21.0,100.0,78.2,95.3,1,94.1,100.0,Low
STU0156,Jennifer Jackson,6.3,1.6,75.4,17.6,81.9,76.2,84.0,1,82.9,100.0,Low
STU0157,Ananya Joshi,6.5,2.3,100.0,8.2,87.6,75.9,78.7,1,78.9,100.0,Low
STU0158,Robert Sharma,6.6,4.7,89.7,24.4,96.7,100.0,98.4,1,99.0,100.0,Low
STU0159,Robert Nair,8.5,6.9,69.7,17.4,74.5,72.3,77.3,1,74.9,100.0,Low
STU0160,Elizabeth Kumar,7.7,5.1,91.9,10.2,82.1,65.0,64.3,1,67.1,100.0,Low
STU0161,Linda Gonzalez,5.7,3.4,72.3,1.0,57.8,57.3,54.3,1,53.8,94.0,Low
STU0162,Jessica Lopez,7.3,5.3,93.4,24.6,100.0,75.3,99.6,1,97.4,100.0,Low
STU0163,Barbara Singh,7.6,3.7,97.9,4.4,72.9,68.7,62.8,1,65.0,100.0,Low
STU0164,Pooja Kumar,8.4,3.2,74.2,3.0,43.2,58.4,44.8,0,48.6,30.0,High
STU0165,Rahul Verma,8.9,2.4,95.6,17.6,89.9,90.7,100.0,1,97.4,100.0,Low
STU0166,Sarah Wilson,5.8,1.3,89.0,25.4,100.0,98.9,100.0,1,99.2,100.0,Low
STU0167,Joseph Verma,6.0,3.8,93.9,19.6,93.4,82.1,98.9,1,97.3,100.0,Low
STU0168,James Verma,5.5,4.8,100.0,15.1,90.2,81.9,88.1,1,89.2,100.0,Low
STU0169,Ananya Rodriguez,6.7,4.3,81.1,15.3,93.4,69.7,78.4,1,78.9,100.0,Low
STU0170,David Miller,7.6,3.8,75.0,16.7,75.4,66.0,77.4,1,75.4,100.0,Low
STU0171,Susan Joshi,8.2,2.8,73.3,16.2,65.5,76.2,71.7,1,73.9,100.0,Low
STU0172,Ananya Miller,6.9,5.6,74.2,13.5,75.7,60.7,70.2,1,68.3,100.0,Low
STU0173,Deepak Moore,6.6,2.1,83.1,12.6,75.6,70.0,72.7,1,72.4,100.0,Low
STU0174,Pranav Gupta,7.2,5.9,88.1,11.7,71.9,66.3,65.3,1,66.7,100.0,Low
STU0175,Charles Gupta,6.0,2.7,87.3,7.9,73.7,73.8,75.2,1,71.7,100.0,Low
STU0176,Rohan Williams,9.5,3.1,93.9,10.5,87.6,89.6,84.8,1,85.9,100.0,Low
STU0177,Ishaan Jackson,5.1,1.9,84.2,2.7,66.1,51.5,55.6,1,55.5,92.0,Low
STU0178,Thomas Rao,7.2,3.6,100.0,11.5,90.3,64.0,70.4,1,71.1,100.0,Low
STU0179,Sarah Martinez,9.4,6.3,80.8,6.6,88.4,64.2,77.8,1,75.0,100.0,Low
STU0180,Amit Martinez,7.0,5.4,100.0,5.9,75.4,72.2,79.4,1,76.7,100.0,Low
STU0181,Deepak Brown,6.8,6.3,91.5,13.0,88.0,78.9,89.1,1,86.8,100.0,Low
STU0182,Sarah Rodriguez,6.6,5.4,73.7,19.7,81.3,74.5,80.0,1,81.6,100.0,Low
STU0183,Susan Smith,6.8,2.5,71.1,17.1,72.7,72.4,66.3,1,68.0,100.0,Low
STU0184,Sanjana Patel,8.6,3.9,89.8,3.4,64.2,67.9,77.4,1,74.0,100.0,Low
STU0185,James Rao,4.3,3.1,81.3,6.6,65.8,73.8,69.0,1,70.1,100.0,Low
STU0186,Sanjana Williams,8.8,6.9,92.6,17.2,95.7,67.0,78.6,1,80.0,100.0,Low
STU0187,Kavya Lopez,5.3,2.3,89.7,6.6,98.2,65.8,75.2,1,75.8,100.0,Low
STU0188,Vikram Jones,6.7,6.1,83.1,10.8,70.6,72.9,80.9,1,77.3,100.0,Low
STU0189,James Martin,6.5,6.1,73.8,15.0,75.2,65.2,72.4,1,72.2,100.0,Low
STU0190,Arjun Sharma,7.7,7.8,65.8,6.7,62.3,73.2,72.4,1,71.0,100.0,Low
STU0191,Elizabeth Martinez,5.1,3.8,78.6,12.6,82.2,66.5,79.7,1,76.8,100.0,Low
STU0192,Thomas Mehta,7.6,5.8,94.3,4.7,76.8,68.0,63.5,1,66.0,100.0,Low
STU0193,Arjun Davis,9.4,8.6,86.6,8.7,89.2,74.5,72.3,1,74.4,100.0,Low
STU0194,Rahul Miller,5.4,3.4,69.1,13.8,51.0,64.5,72.1,1,67.6,100.0,Low
STU0195,Sanjana Singh,7.2,1.7,86.1,3.2,44.0,48.5,36.6,0,43.5,24.0,High
STU0196,John Jackson,6.2,1.1,88.6,14.4,80.9,74.3,79.8,1,79.4,100.0,Low
STU0197,Arjun Jackson,7.5,5.8,73.4,11.9,85.5,76.9,67.9,1,70.9,100.0,Low
STU0198,Rohan Johnson,7.0,1.1,85.8,15.0,69.7,74.6,76.1,1,77.8,100.0,Low
STU0199,Sneha Joshi,6.2,3.8,84.7,13.2,52.1,67.9,69.6,1,70.4,100.0,Low
STU0200,William Taylor,7.6,5.3,70.3,19.5,90.1,83.9,84.2,1,87.1,100.0,Low
STU0201,Joseph Gonzalez,9.2,4.8,88.3,12.7,85.6,72.9,75.8,1,76.0,100.0,Low
STU0202,Vikram Martinez,6.8,5.3,90.7,9.6,68.8,68.7,66.0,1,68.6,100.0,Low
STU0203,Susan Sharma,7.9,4.9,97.0,12.7,77.7,80.2,97.2,1,89.4,100.0,Low
STU0204,Jessica Kumar,5.4,6.8,96.6,15.0,81.1,87.8,100.0,1,96.3,100.0,Low
STU0205,Divya Jackson,5.9,2.8,67.5,12.3,73.3,85.8,70.6,1,74.0,100.0,Low
STU0206,Kavya Nair,7.6,3.3,72.7,12.2,68.4,75.3,82.8,1,78.6,100.0,Low
STU0207,Ishaan Jackson,8.8,3.1,90.2,8.1,82.2,80.1,75.8,1,77.5,100.0,Low
STU0208,Divya Wilson,7.4,6.0,90.2,8.4,49.2,67.1,68.5,1,68.2,100.0,Low
STU0209,Jessica Singh,6.6,6.1,90.2,4.3,63.0,58.0,61.6,1,60.2,98.0,Low
STU0210,Saurabh Kumar,7.0,5.3,100.0,21.6,91.1,91.4,95.3,1,96.4,100.0,Low
STU0211,Charles Patel,5.5,6.6,90.9,5.2,70.7,68.5,74.7,1,66.5,100.0,Low
STU0212,Mary Patel,7.7,2.4,97.6,8.2,75.7,65.3,73.3,1,71.8,100.0,Low
STU0213,Sanjana Miller,8.1,7.5,95.4,8.0,87.7,71.4,73.5,1,75.3,100.0,Low
STU0214,Barbara Nair,6.5,7.2,91.8,16.9,72.7,85.2,79.6,1,90.4,100.0,Low
STU0215,Ananya Gupta,6.4,5.8,80.2,10.4,76.2,72.4,68.1,1,70.5,100.0,Low
STU0216,Linda Taylor,7.3,7.7,93.1,18.9,100.0,89.0,85.5,1,95.6,100.0,Low
STU0217,Saurabh Verma,6.5,1.5,74.7,8.3,88.4,67.2,69.7,1,70.7,100.0,Low
STU0218,Aarav Smith,6.9,3.6,81.2,13.5,76.0,69.6,68.0,1,68.4,100.0,Low
STU0219,Kavya Hernandez,9.5,3.2,78.2,7.4,73.4,61.0,63.1,1,64.8,97.0,Low
STU0220,Sanjana Joshi,6.7,5.8,85.0,23.8,80.2,78.0,98.0,1,96.4,100.0,Low
STU0221,William Davis,6.6,2.6,100.0,5.5,54.3,85.9,83.9,1,81.1,100.0,Low
STU0222,Linda Davis,6.2,5.9,61.6,13.7,79.8,66.2,69.3,1,72.4,100.0,Low
STU0223,Aarav Mehta,7.9,7.0,92.2,15.5,89.3,78.7,85.3,1,86.2,100.0,Low
STU0224,Arjun Jackson,6.8,5.8,64.6,14.3,85.5,60.6,80.4,1,75.6,100.0,Low
STU0225,Manish Davis,6.2,5.0,78.3,11.0,61.9,93.0,83.7,1,82.2,100.0,Low
STU0226,Amit Taylor,8.6,2.7,97.1,11.3,90.7,68.8,77.0,1,76.5,100.0,Low
STU0227,Patricia Rodriguez,8.7,3.0,84.8,12.2,99.4,70.1,70.1,1,73.3,100.0,Low
STU0228,Jessica Singh,6.3,6.7,71.1,11.2,76.5,70.2,73.3,1,72.4,100.0,Low
STU0229,Linda Singh,4.8,5.9,75.4,17.3,86.4,80.7,88.7,1,86.8,100.0,Low
STU0230,Amit Kumar,8.2,4.4,92.2,24.2,100.0,98.6,100.0,1,99.8,100.0,Low
STU0231,Patricia Jackson,6.2,3.7,75.2,8.9,55.2,80.2,72.9,1,73.0,100.0,Low
STU0232,Amit Jackson,7.9,1.0,86.6,4.5,83.6,69.1,67.2,1,68.0,100.0,Low
STU0233,John Patel,4.6,2.6,84.5,11.5,73.4,64.2,70.3,1,68.8,100.0,Low
STU0234,Rohan Lopez,8.1,7.9,76.2,26.2,100.0,84.9,80.9,1,84.0,100.0,Low
STU0235,Divya Johnson,5.5,2.2,100.0,7.6,65.8,76.6,74.8,1,74.9,100.0,Low
STU0236,Jessica Jackson,7.9,4.8,91.6,21.0,85.5,100.0,100.0,1,94.6,100.0,Low
STU0237,Michael Martinez,7.0,6.3,59.7,21.2,96.0,63.1,73.0,1,75.4,100.0,Low
STU0238,Manish Martin,5.9,2.2,86.2,9.0,73.1,79.9,76.9,1,75.7,100.0,Low
STU0239,Rohan Moore,6.5,4.8,76.1,15.1,95.2,75.0,76.1,1,77.4,100.0,Low
STU0240,Neha Thomas,7.8,6.2,94.2,21.0,97.8,94.6,100.0,1,98.6,100.0,Low
STU0241,Pranav Jackson,7.1,4.5,74.5,9.9,53.7,65.9,63.9,1,64.9,100.0,Low
STU0242,Michael Sharma,7.7,9.7,82.6,10.9,86.6,64.4,66.8,1,69.5,100.0,Low
STU0243,Pranav Wilson,9.4,1.5,90.1,8.8,72.4,77.6,84.2,1,81.1,100.0,Low
STU0244,Mary Thomas,5.1,6.4,94.4,6.4,83.8,75.7,81.6,1,79.2,99.0,Low
STU0245,Michael Thomas,8.9,4.2,69.6,8.4,67.7,70.7,63.3,1,68.2,100.0,Low
STU0246,Rohan Nair,7.1,5.9,80.0,5.3,52.5,63.3,64.1,1,62.4,98.0,Low
STU0247,Neha Thomas,5.9,5.3,78.3,12.2,79.1,66.2,75.4,1,74.3,100.0,Low
STU0248,Divya Williams,5.4,3.2,76.2,7.8,91.8,52.4,67.3,1,69.1,83.0,Low
STU0249,Amit Moore,6.8,4.9,100.0,13.3,94.9,87.5,80.4,1,84.0,100.0,Low
STU0250,David Rao,8.1,1.2,88.9,3.4,69.0,68.0,72.3,1,70.6,100.0,Low
STU0251,Pooja Taylor,6.8,5.6,68.9,13.8,85.9,61.4,66.7,1,68.7,100.0,Low
STU0252,Elizabeth Johnson,8.8,5.0,95.0,16.6,94.5,78.6,86.1,1,87.4,100.0,Low
STU0253,Vikram Taylor,5.3,5.6,100.0,1.0,73.6,62.5,80.9,1,74.5,97.0,Low
STU0254,Riya Rao,7.0,6.4,96.4,14.1,78.4,68.6,81.2,1,78.6,100.0,Low
STU0255,Aditi Lopez,5.5,5.2,65.8,18.8,83.4,67.3,73.8,1,78.6,100.0,Low
STU0256,Pooja Williams,7.4,4.8,78.2,5.3,77.4,53.6,46.8,0,51.5,36.0,High
STU0257,Mary Nair,8.1,2.9,99.2,21.2,93.0,86.8,100.0,1,94.1,100.0,Low
STU0258,Arjun Anderson,6.5,3.2,75.5,14.3,93.4,66.5,67.6,1,71.2,100.0,Low
STU0259,Saurabh Johnson,4.0,6.6,89.3,8.1,75.9,57.4,60.8,1,62.0,97.0,Low
STU0260,Richard Williams,7.2,7.1,93.3,11.7,75.3,92.5,84.8,1,85.2,100.0,Low
STU0261,Joseph Smith,7.5,4.1,72.9,15.1,89.1,82.3,90.7,1,78.1,100.0,Low
STU0262,Aditi Mehta,7.5,4.6,83.3,12.4,77.4,67.0,78.4,1,69.8,100.0,Low
STU0263,Sanjana Joshi,8.5,2.9,45.1,15.0,72.6,63.2,63.2,1,62.4,100.0,Low
STU0264,Sarah Nair,5.7,6.6,71.7,6.9,63.3,65.3,64.9,1,65.2,100.0,Low
STU0265,Amit Mehta,7.8,5.7,81.0,12.9,79.3,82.4,77.2,1,78.1,100.0,Low
STU0266,Charles Brown,8.4,8.0,69.0,4.2,65.7,51.1,54.7,1,54.2,73.0,Medium
STU0267,John Wilson,4.9,2.9,100.0,11.4,90.0,87.4,88.5,1,88.3,100.0,Low
STU0268,James Brown,7.4,3.8,66.8,7.0,43.9,55.7,60.5,1,58.0,88.0,Low
STU0269,Charles Miller,6.4,4.9,78.7,8.0,60.1,55.4,66.6,1,64.1,98.0,Low
STU0270,Ishaan Williams,6.9,5.7,85.6,18.8,100.0,87.6,95.7,1,93.6,100.0,Low
STU0271,Thomas Patel,7.4,4.1,100.0,18.0,95.7,96.9,97.0,1,95.9,100.0,Low
STU0272,Sanjana Verma,6.4,2.9,66.8,15.4,71.3,90.9,86.6,1,85.0,100.0,Low
STU0273,Linda Sharma,6.2,6.1,98.0,6.0,64.4,61.8,66.8,1,66.1,100.0,Low
STU0274,Susan Martin,7.0,5.8,84.1,10.3,66.7,76.6,68.3,1,71.4,100.0,Low
STU0275,Joseph Lopez,5.7,2.9,72.2,18.7,63.9,73.0,74.9,1,74.6,100.0,Low
STU0276,Pooja Johnson,5.7,6.9,89.5,12.8,82.9,82.4,83.9,1,82.9,100.0,Low
STU0277,Linda Gupta,7.8,6.6,86.4,24.8,94.4,77.6,98.5,1,96.7,100.0,Low
STU0278,Mary Martinez,5.6,4.7,76.8,14.2,70.0,62.7,69.6,1,65.7,100.0,Low
STU0279,James Lopez,7.8,4.6,84.8,13.1,81.4,68.4,68.7,1,69.8,100.0,Low
STU0280,Ishaan Wilson,7.6,5.5,79.4,10.3,78.8,69.8,72.7,1,72.6,100.0,Low
STU0281,Vikram Miller,4.9,2.9,85.4,12.7,100.0,69.3,79.6,1,78.1,100.0,Low
STU0282,Vikram Lopez,6.2,4.6,91.9,11.2,67.6,80.5,80.5,1,81.4,100.0,Low
STU0283,Michael Smith,8.4,1.0,100.0,15.9,100.0,92.3,100.0,1,97.6,100.0,Low
STU0284,Jennifer Gonzalez,5.8,6.1,69.1,17.3,90.2,78.2,87.7,1,87.4,100.0,Low
STU0285,Sneha Davis,6.4,1.7,100.0,7.7,73.8,87.2,78.7,1,79.4,100.0,Low
STU0286,Kavya Patel,7.6,7.2,60.6,4.7,59.4,58.2,50.8,1,51.6,98.0,Low
STU0287,Michael Lopez,7.9,3.9,82.2,1.9,59.4,50.4,47.6,0,50.1,23.0,High
STU0288,Robert Lopez,6.7,4.1,91.1,14.8,89.6,90.1,94.3,1,92.6,100.0,Low
STU0289,Pranav Martinez,6.3,3.4,87.4,5.9,87.6,62.2,77.0,1,74.4,100.0,Low
STU0290,Thomas Kumar,8.7,4.0,76.5,1.0,65.8,64.1,56.8,1,61.0,98.0,Low
STU0291,Jennifer Davis,9.1,7.1,81.5,14.1,87.0,87.1,83.9,1,85.4,100.0,Low
STU0292,Aarav Kumar,8.2,1.0,78.1,25.7,93.3,90.7,100.0,1,97.5,100.0,Low
STU0293,Sneha Patel,7.1,6.8,76.9,12.0,61.6,58.2,68.5,1,65.6,94.0,Low
STU0294,Linda Thomas,6.0,5.1,94.2,16.6,89.9,75.3,88.5,1,88.3,100.0,Low
STU0295,Sarah Martinez,6.0,2.3,88.3,12.5,95.0,85.9,79.1,1,86.8,100.0,Low
STU0296,James Jones,7.6,2.6,75.7,11.5,59.8,67.7,72.8,1,71.0,100.0,Low
STU0297,William Jones,7.5,7.5,94.8,17.1,82.5,84.1,83.7,1,91.7,100.0,Low
STU0298,Rahul Miller,8.7,2.8,87.7,10.4,80.7,78.6,72.0,1,75.2,100.0,Low
STU0299,David Thomas,7.8,2.4,93.8,13.5,77.3,84.3,83.0,1,83.6,100.0,Low
STU0300,Neha Lopez,5.2,6.5,91.6,13.8,78.6,80.4,79.8,1,82.8,100.0,Low
STU0301,Deepak Kumar,8.3,5.1,74.1,8.3,65.3,62.9,62.8,1,63.0,100.0,Low
STU0302,Richard Lopez,5.8,2.8,77.3,17.5,71.2,74.4,70.6,1,71.9,100.0,Low
STU0303,Karen Smith,6.5,4.9,93.0,11.0,73.3,82.3,86.9,1,84.7,100.0,Low
STU0304,Deepak Taylor,7.3,2.7,91.3,7.8,84.4,75.3,83.2,1,80.9,100.0,Low
STU0305,Rohan Lopez,9.4,6.5,83.7,15.0,71.3,74.4,66.9,1,70.6,100.0,Low
STU0306,Vikram Rao,10.0,6.4,85.4,7.1,57.4,76.3,76.6,1,74.9,98.0,Low
STU0307,Pooja Singh,7.7,5.5,99.3,12.2,81.6,78.3,78.4,1,79.2,100.0,Low
STU0308,Aditi Verma,6.8,5.2,76.9,11.9,83.6,63.2,76.1,1,69.9,100.0,Low
STU0309,Rohan Garcia,7.6,7.7,90.6,18.0,90.3,76.8,86.5,1,87.5,100.0,Low
STU0310,Karen Moore,8.1,4.5,81.6,14.6,78.1,67.3,75.7,1,72.4,100.0,Low
STU0311,Arjun Jones,6.6,2.4,81.4,11.9,79.0,69.7,73.2,1,73.0,100.0,Low
STU0312,Michael Jackson,9.2,5.3,97.2,16.5,75.9,93.5,99.9,1,96.6,100.0,Low
STU0313,Thomas Patel,7.3,8.3,93.9,19.6,100.0,79.6,84.5,1,92.7,100.0,Low
STU0314,Robert Garcia,7.6,2.7,93.8,15.1,93.4,82.1,91.6,1,90.3,100.0,Low
STU0315,Jennifer Rao,7.8,3.8,99.7,12.1,83.9,74.1,88.4,1,79.7,100.0,Low
STU0316,Manish Hernandez,7.5,5.2,84.3,4.8,79.4,62.4,69.7,1,68.6,100.0,Low
STU0317,Aarav Jackson,8.0,4.4,92.2,6.1,64.0,57.1,77.8,1,71.0,98.0,Low
STU0318,Divya Anderson,6.3,2.7,80.3,10.3,86.9,67.7,69.7,1,71.8,100.0,Low
STU0319,Linda Rao,6.3,6.5,87.9,8.6,78.4,68.9,78.2,1,74.4,99.0,Low
STU0320,Pranav Thomas,5.7,8.7,82.4,11.0,74.3,75.5,75.0,1,78.2,100.0,Low
STU0321,Susan Jones,7.5,4.9,85.2,12.3,80.9,75.6,85.9,1,83.4,100.0,Low
STU0322,Ananya Davis,7.9,2.9,91.1,14.9,86.8,69.7,80.5,1,77.1,100.0,Low
STU0323,Rohan Martin,7.5,1.7,74.2,11.6,86.7,77.3,74.5,1,75.3,100.0,Low
STU0324,Ishaan Jones,9.0,5.0,100.0,14.7,81.3,84.3,96.2,1,92.7,100.0,Low
STU0325,Kavya Thomas,7.0,6.5,71.9,12.4,66.9,70.2,67.8,1,68.9,100.0,Low
STU0326,Elizabeth Lopez,7.8,5.4,69.4,1.1,66.7,54.0,44.2,0,48.5,29.0,High
STU0327,Susan Davis,5.7,4.5,97.9,6.8,73.2,68.2,69.2,1,68.7,100.0,Low
STU0328,Charles Smith,6.5,3.4,93.5,11.2,92.6,77.6,86.0,1,84.3,100.0,Low
STU0329,William Martinez,7.8,2.5,91.5,5.3,90.7,71.8,81.9,1,73.0,99.0,Low
STU0330,Richard Brown,8.0,6.0,91.5,15.3,84.7,66.0,79.7,1,78.3,100.0,Low
STU0331,Jessica Jones,6.6,6.1,83.9,20.4,99.4,78.7,97.6,1,95.3,100.0,Low
STU0332,Neha Wilson,6.9,1.7,73.2,18.7,73.1,74.7,71.6,1,74.1,100.0,Low
STU0333,David Jones,5.2,7.4,84.9,10.8,86.2,74.0,74.5,1,78.2,100.0,Low
STU0334,Sanjana Anderson,6.6,5.5,75.9,20.2,90.2,89.1,89.0,1,89.1,100.0,Low
STU0335,Rohan Taylor,8.1,7.0,95.7,12.8,91.8,72.5,81.2,1,80.8,100.0,Low
STU0336,Saurabh Anderson,7.7,2.1,82.2,10.1,69.8,66.0,70.3,1,69.0,100.0,Low
STU0337,Susan Garcia,7.6,2.0,74.1,8.6,53.3,60.9,65.8,1,64.3,99.0,Low
STU0338,Rohan Nair,7.1,4.2,80.1,10.3,80.5,63.0,67.1,1,68.3,100.0,Low
STU0339,William Gupta,7.0,5.4,89.0,9.9,58.7,69.7,72.2,1,72.0,100.0,Low
STU0340,Sneha Rao,6.2,7.7,77.2,12.9,74.8,77.5,76.7,1,77.1,100.0,Low
STU0341,Saurabh Smith,7.8,5.8,74.1,12.9,85.8,61.7,65.2,1,67.0,100.0,Low
STU0342,James Jackson,7.5,4.1,86.9,12.0,83.4,77.6,79.3,1,78.5,100.0,Low
STU0343,Joseph Gupta,7.6,2.7,86.9,14.4,100.0,63.4,77.4,1,77.9,100.0,Low
STU0344,Kavya Singh,6.4,6.7,77.9,18.5,97.0,73.9,82.9,1,82.6,100.0,Low
STU0345,Riya Williams,4.4,2.8,78.3,17.2,78.4,74.3,80.4,1,78.5,100.0,Low
STU0346,Manish Gonzalez,8.3,7.4,86.8,3.8,69.4,77.7,70.9,1,71.7,100.0,Low
STU0347,Rahul Gupta,6.4,4.0,66.6,1.0,54.3,50.6,45.9,0,46.6,23.0,High
STU0348,Michael Brown,6.0,7.4,67.1,17.1,63.4,54.8,74.0,1,69.0,94.0,Low
STU0349,Mary Davis,7.8,5.7,75.4,4.5,55.0,44.6,44.2,0,47.1,29.0,High
STU0350,Elizabeth Brown,6.5,4.3,81.4,10.8,71.3,70.8,68.3,1,69.8,100.0,Low
STU0351,Ananya Patel,8.3,3.6,87.7,5.6,51.9,71.7,83.7,1,79.8,99.0,Low
STU0352,Michael Williams,7.7,3.9,100.0,2.1,73.6,70.5,63.4,1,67.4,100.0,Low
STU0353,Sarah Gonzalez,7.8,5.3,94.3,15.0,87.2,82.1,79.0,1,85.3,100.0,Low
STU0354,Aditi Moore,5.4,4.6,82.1,16.2,68.6,86.6,88.8,1,88.2,100.0,Low
STU0355,Thomas Williams,8.5,3.4,83.8,8.8,79.1,64.8,57.4,1,62.9,100.0,Low
STU0356,David Sharma,7.3,4.2,72.0,1.0,64.7,62.2,55.2,1,58.4,96.0,Low
STU0357,John Kumar,6.6,4.6,83.8,9.0,77.7,56.3,78.9,1,73.5,100.0,Low
STU0358,Robert Moore,7.2,1.0,80.5,14.2,78.3,67.0,65.5,1,69.3,100.0,Low
STU0359,Michael Davis,4.9,5.3,87.9,3.9,75.7,50.4,47.6,0,52.4,35.0,High
STU0360,Joseph Thomas,7.5,2.7,74.1,13.0,83.4,68.0,64.3,1,67.7,100.0,Low
STU0361,Charles Jackson,5.8,2.4,90.2,11.9,86.0,75.0,85.3,1,84.3,100.0,Low
STU0362,Riya Garcia,5.4,1.5,100.0,15.2,84.6,84.2,96.0,1,87.8,100.0,Low
STU0363,Riya Nair,5.2,1.3,82.7,12.7,83.2,73.8,74.7,1,75.7,100.0,Low
STU0364,Linda Garcia,8.3,2.1,88.8,6.6,86.3,61.0,72.6,1,71.6,100.0,Low
STU0365,Aditi Williams,6.2,3.2,92.3,18.6,88.1,82.7,98.6,1,95.3,100.0,Low
STU0366,Mary Lopez,8.8,8.0,79.2,11.1,97.2,58.0,81.2,1,71.9,100.0,Low
STU0367,Jennifer Wilson,6.4,3.6,86.7,11.8,75.8,84.7,80.3,1,79.4,100.0,Low
STU0368,Neha Taylor,5.0,4.8,84.2,6.9,72.8,64.5,53.4,1,58.6,100.0,Low
STU0369,Elizabeth Martin,5.7,5.2,85.2,9.6,70.3,66.7,65.6,1,67.5,100.0,Low
STU0370,Kavya Martinez,8.5,4.7,74.7,7.1,70.2,76.1,67.3,1,70.2,100.0,Low
STU0371,Joseph Sharma,6.8,4.4,84.3,11.0,61.2,62.0,66.5,1,65.8,100.0,Low
STU0372,Jennifer Rodriguez,6.3,2.3,90.0,21.4,91.6,77.7,89.3,1,92.5,100.0,Low
STU0373,Thomas Lopez,7.2,7.1,100.0,4.5,65.8,61.6,73.4,1,69.7,100.0,Low
STU0374,Aditi Gupta,7.6,7.8,95.5,3.1,73.8,66.4,75.3,1,72.3,100.0,Low
STU0375,Linda Singh,8.3,1.5,100.0,20.1,100.0,92.6,98.7,1,97.9,100.0,Low
STU0376,Elizabeth Joshi,8.7,2.7,74.8,10.8,80.1,73.8,80.2,1,77.3,100.0,Low
STU0377,Ananya Nair,6.6,4.0,94.5,8.3,56.0,93.3,83.6,1,82.8,100.0,Low
STU0378,Robert Smith,5.4,2.8,86.2,17.7,100.0,62.7,81.1,1,79.3,100.0,Low
STU0379,Rahul Jones,6.5,5.4,100.0,8.7,86.0,80.3,87.3,1,83.3,100.0,Low
STU0380,James Smith,7.3,3.2,74.3,22.0,82.4,76.7,85.7,1,85.7,100.0,Low
STU0381,Robert Nair,5.8,8.4,73.9,15.7,82.1,68.7,88.2,1,82.2,100.0,Low
STU0382,Michael Nair,5.9,6.6,76.8,9.3,74.1,61.9,57.9,1,62.0,100.0,Low
STU0383,Deepak Garcia,7.4,4.9,58.5,23.9,78.4,69.8,76.2,1,79.1,100.0,Low
STU0384,Aditi Wilson,6.9,6.3,77.7,8.7,73.9,80.0,73.6,1,73.2,99.0,Low
STU0385,Joseph Verma,7.0,6.5,74.9,16.1,75.5,81.0,83.6,1,84.1,100.0,Low
STU0386,John Rao,6.1,3.5,85.8,13.6,79.3,75.8,87.3,1,84.3,100.0,Low
STU0387,Arjun Anderson,6.7,3.0,88.1,19.2,86.0,94.1,94.4,1,92.8,100.0,Low
STU0388,Amit Anderson,5.9,4.6,100.0,20.6,86.6,77.6,82.9,1,85.7,100.0,Low
STU0389,Aditi Rao,8.1,6.1,95.4,12.2,87.5,67.2,83.3,1,81.0,100.0,Low
STU0390,Pooja Taylor,8.2,4.8,77.1,7.9,76.3,47.9,63.9,1,61.5,94.0,Low
STU0391,Aditi Martinez,4.8,1.7,73.2,14.5,83.5,66.1,62.0,1,67.6,100.0,Low
STU0392,Manish Rao,5.9,3.1,89.9,8.3,85.6,72.2,75.3,1,75.0,100.0,Low
STU0393,Kavya Garcia,5.2,4.4,68.2,23.1,92.0,80.8,78.5,1,82.4,100.0,Low
STU0394,Ishaan Rodriguez,6.2,4.4,100.0,12.8,83.9,81.6,81.8,1,83.3,100.0,Low
STU0395,Rahul Jones,6.9,8.1,98.2,10.0,92.5,65.0,71.3,1,73.3,100.0,Low
STU0396,Sanjana Anderson,5.3,2.0,78.4,13.0,65.1,78.4,81.2,1,79.9,100.0,Low
STU0397,Patricia Joshi,5.9,5.4,63.4,4.6,49.6,57.8,54.1,1,53.2,95.0,Low
STU0398,Charles Martinez,5.8,7.2,100.0,6.7,70.4,78.9,69.4,1,71.0,99.0,Low
STU0399,Ishaan Anderson,7.2,8.6,82.6,18.6,100.0,65.2,87.0,1,85.6,100.0,Low
STU0400,Neha Kumar,7.1,3.8,98.9,8.4,91.5,77.1,72.1,1,75.2,100.0,Low
STU0401,Divya Rodriguez,6.1,5.4,64.9,6.2,66.6,48.9,55.8,1,55.3,91.0,Low
STU0402,Aditi Martin,7.2,5.5,76.8,15.0,91.6,70.5,73.3,1,75.3,100.0,Low
STU0403,Vikram Rodriguez,6.3,4.9,84.1,18.5,81.0,85.1,85.9,1,87.4,100.0,Low
STU0404,Robert Williams,6.7,4.3,84.6,16.0,89.8,78.8,87.5,1,88.2,100.0,Low
STU0405,Pooja Gupta,9.0,5.3,78.6,17.5,84.3,70.6,82.9,1,82.0,100.0,Low
STU0406,Sarah Gonzalez,8.6,1.0,91.5,7.8,85.9,71.0,82.8,1,80.4,100.0,Low
STU0407,Rohan Mehta,5.4,5.7,71.2,4.2,60.7,46.3,51.0,1,51.9,88.0,Low
STU0408,Vikram Moore,8.0,4.7,82.3,20.3,87.8,91.5,95.0,1,93.3,100.0,Low
STU0409,Charles Thomas,8.0,4.1,85.4,10.2,83.4,69.8,71.8,1,71.2,100.0,Low
STU0410,Ishaan Thomas,5.6,8.2,90.2,10.6,89.8,82.7,83.9,1,85.4,100.0,Low
STU0411,Thomas Thomas,8.0,3.3,92.5,19.3,88.5,80.9,92.8,1,93.0,100.0,Low
STU0412,Amit Johnson,8.8,3.8,70.5,15.1,77.3,67.1,72.4,1,71.4,100.0,Low
STU0413,Joseph Brown,5.7,8.1,65.6,14.5,64.0,62.5,56.4,1,58.1,100.0,Low
STU0414,Patricia Gupta,5.9,3.0,99.3,23.9,80.5,100.0,100.0,1,98.2,100.0,Low
STU0415,Richard Hernandez,8.2,3.5,88.0,8.5,78.8,64.7,72.8,1,71.4,100.0,Low
STU0416,Mary Sharma,7.3,4.2,75.0,17.1,89.2,80.7,79.8,1,82.0,100.0,Low
STU0417,Michael Taylor,7.7,6.0,100.0,12.3,91.1,76.7,76.5,1,79.3,100.0,Low
STU0418,Barbara Mehta,7.4,4.9,85.4,13.5,63.5,59.6,78.7,1,74.4,100.0,Low
STU0419,Linda Johnson,7.5,2.2,98.2,20.4,96.2,84.2,98.2,1,96.7,100.0,Low
STU0420,Elizabeth Gonzalez,5.4,3.5,84.8,14.8,62.4,67.2,72.7,1,72.8,100.0,Low
STU0421,Manish Brown,8.3,3.4,100.0,15.0,100.0,83.3,84.2,1,87.9,100.0,Low
STU0422,Pranav Wilson,8.4,4.4,100.0,17.9,86.0,77.0,83.7,1,84.6,100.0,Low
STU0423,Susan Hernandez,6.7,5.3,81.0,10.0,88.1,76.8,84.8,1,82.0,100.0,Low
STU0424,Saurabh Martinez,6.9,5.3,95.7,7.4,88.4,71.4,76.8,1,76.5,100.0,Low
STU0425,Joseph Anderson,5.2,1.3,91.7,6.3,66.3,67.8,65.7,1,67.7,100.0,Low
STU0426,David Jones,7.6,6.4,100.0,1.2,60.5,71.7,70.5,1,69.2,97.0,Low
STU0427,Linda Taylor,7.7,5.0,72.4,23.3,94.7,89.6,88.7,1,88.5,100.0,Low
STU0428,Sarah Nair,6.9,7.0,92.2,5.9,66.5,68.8,78.3,1,74.5,99.0,Low
STU0429,James Moore,8.3,5.3,96.7,10.8,85.6,70.5,86.6,1,83.1,100.0,Low
STU0430,Rohan Taylor,6.6,6.5,62.9,10.5,62.4,48.6,53.6,1,59.6,97.0,Low
STU0431,Deepak Nair,7.7,5.3,69.8,13.7,57.6,63.9,63.4,1,63.6,100.0,Low
STU0432,William Rao,5.8,6.9,59.5,16.5,52.2,63.7,50.5,1,54.2,100.0,Low
STU0433,Elizabeth Rodriguez,7.0,5.4,80.8,16.7,87.7,78.2,74.7,1,88.4,100.0,Low
STU0434,Karen Lopez,6.8,4.3,92.6,8.8,73.9,69.8,65.5,1,66.8,100.0,Low
STU0435,Robert Smith,7.3,8.6,100.0,11.1,81.1,83.8,85.7,1,85.0,100.0,Low
STU0436,Aditi Garcia,6.6,6.1,84.9,13.6,89.8,70.4,76.7,1,77.1,100.0,Low
STU0437,James Joshi,6.8,5.5,100.0,10.6,97.6,77.3,75.9,1,83.7,100.0,Low
STU0438,Barbara Patel,8.0,2.2,67.4,20.8,82.2,86.4,85.1,1,85.9,100.0,Low
STU0439,John Thomas,6.5,2.2,63.6,14.7,70.4,70.8,74.6,1,73.4,100.0,Low
STU0440,Sanjana Smith,5.1,5.0,83.3,16.0,90.7,77.0,86.6,1,86.1,100.0,Low
STU0441,Saurabh Jackson,9.1,4.8,88.6,15.6,74.1,74.3,69.3,1,72.8,100.0,Low
STU0442,Charles Gonzalez,8.7,3.4,83.6,18.5,91.8,75.6,84.6,1,85.0,100.0,Low
STU0443,Saurabh Davis,5.4,4.8,59.2,13.0,74.6,57.5,55.3,1,58.8,99.0,Low
STU0444,Aarav Miller,7.8,7.4,82.9,4.9,75.6,59.7,68.8,1,66.8,100.0,Low
STU0445,Pooja Gupta,6.4,5.8,68.3,14.2,56.1,75.4,76.9,1,77.2,100.0,Low
STU0446,Rohan Wilson,7.3,2.4,92.0,8.4,71.0,70.1,67.4,1,68.7,100.0,Low
STU0447,Michael Garcia,7.4,4.3,88.4,9.1,69.1,60.5,63.3,1,65.5,100.0,Low
STU0448,Jessica Anderson,6.7,3.1,72.7,15.2,80.1,86.5,80.0,1,80.5,100.0,Low
STU0449,Rohan Gonzalez,6.1,3.8,77.8,18.8,91.9,81.2,73.2,1,78.1,100.0,Low
STU0450,David Hernandez,6.2,3.8,71.3,12.1,88.8,56.8,69.6,1,69.6,96.0,Low
STU0451,Barbara Jones,5.9,3.6,83.2,13.7,77.2,71.2,75.1,1,74.6,100.0,Low
STU0452,Aditi Gupta,6.0,2.2,95.5,21.4,94.9,89.8,100.0,1,95.3,100.0,Low
STU0453,Sneha Rao,6.9,4.3,72.2,13.3,87.5,83.5,74.1,1,76.3,100.0,Low
STU0454,Jennifer Gonzalez,6.1,3.5,90.0,26.3,100.0,83.7,95.1,1,95.9,100.0,Low
STU0455,Rohan Kumar,7.8,1.0,77.6,15.1,94.1,82.0,75.0,1,78.2,100.0,Low
STU0456,Sarah Johnson,8.8,8.2,74.5,2.3,63.6,68.8,55.2,1,59.2,92.0,Low
STU0457,David Davis,6.3,6.5,82.7,16.1,73.9,72.4,71.7,1,72.4,100.0,Low
STU0458,Susan Johnson,7.3,3.8,71.6,14.1,63.6,68.3,76.8,1,74.4,100.0,Low
STU0459,Linda Wilson,7.6,4.5,77.4,19.1,71.8,70.6,74.9,1,74.7,100.0,Low
STU0460,Jessica Smith,7.6,2.4,69.6,15.7,85.0,70.1,76.6,1,75.7,100.0,Low
STU0461,John Gonzalez,7.1,7.6,100.0,11.2,98.7,78.1,82.7,1,83.5,100.0,Low
STU0462,Elizabeth Nair,7.9,7.9,84.4,5.3,88.6,70.4,63.2,1,66.6,99.0,Low
STU0463,Vikram Nair,7.6,4.8,75.6,10.9,82.6,77.0,74.7,1,74.6,100.0,Low
STU0464,Riya Mehta,5.5,6.3,86.6,7.3,85.9,62.4,72.8,1,72.6,100.0,Low
STU0465,Pooja Smith,8.0,4.8,82.7,8.8,68.7,52.9,55.5,1,57.5,96.0,Low
STU0466,Ishaan Wilson,8.1,2.1,81.3,15.2,71.9,75.6,83.7,1,82.1,100.0,Low
STU0467,Joseph Anderson,6.1,3.8,91.4,21.2,100.0,89.3,92.0,1,94.3,100.0,Low
STU0468,Pranav Patel,7.0,4.7,93.1,14.2,92.0,81.3,83.5,1,84.9,100.0,Low
STU0469,Rahul Wilson,7.8,3.7,77.6,5.4,68.0,59.9,64.6,1,64.0,100.0,Low
STU0470,David Nair,6.7,4.1,77.1,14.4,84.0,74.1,74.2,1,75.3,100.0,Low
STU0471,Sarah Anderson,8.3,4.3,80.7,18.6,91.5,91.7,92.1,1,91.6,100.0,Low
STU0472,Susan Martinez,9.8,4.4,56.4,8.6,73.9,60.9,58.4,1,59.7,100.0,Low
STU0473,Sneha Mehta,6.1,4.6,65.8,11.3,82.8,61.9,67.7,1,68.1,100.0,Low
STU0474,Pooja Kumar,5.3,2.6,100.0,12.1,93.6,75.5,69.6,1,75.9,100.0,Low
STU0475,Riya Johnson,7.4,3.2,100.0,7.7,90.0,72.9,67.3,1,70.7,100.0,Low
STU0476,Pranav Kumar,7.9,2.2,81.0,15.6,89.0,89.2,91.5,1,89.5,100.0,Low
STU0477,Aarav Gonzalez,6.7,6.3,90.9,11.3,77.8,73.5,83.9,1,80.5,100.0,Low
STU0478,Joseph Singh,8.7,1.0,87.7,14.3,92.9,77.1,78.0,1,80.7,100.0,Low
STU0479,Saurabh Verma,5.4,6.6,100.0,7.1,66.7,69.7,71.3,1,71.9,100.0,Low
STU0480,Ananya Davis,7.8,7.0,97.4,9.6,93.6,84.3,86.7,1,83.4,100.0,Low
STU0481,Sneha Gonzalez,6.3,4.0,82.5,16.0,73.3,92.9,92.0,1,90.4,100.0,Low
STU0482,Kavya Hernandez,9.1,1.0,72.5,9.9,74.0,69.5,57.2,1,62.2,100.0,Low
STU0483,Barbara Mehta,9.4,3.8,64.7,21.5,76.1,77.3,76.4,1,79.6,100.0,Low
STU0484,Aarav Rodriguez,6.1,4.4,86.4,9.8,83.4,71.6,73.2,1,73.5,100.0,Low
STU0485,Sneha Garcia,6.3,2.7,74.9,13.2,76.9,51.7,69.6,1,66.9,98.0,Low
STU0486,David Jones,8.0,3.6,66.9,17.1,63.2,78.2,91.8,1,87.6,99.0,Low
STU0487,Mary Joshi,6.5,7.3,76.2,4.2,68.6,61.6,59.5,1,60.8,97.0,Low
STU0488,Ananya Nair,6.9,5.7,71.0,2.3,53.2,59.6,46.2,0,49.6,32.0,High
STU0489,David Mehta,7.0,2.8,100.0,3.6,84.2,63.6,71.9,1,71.9,100.0,Low
STU0490,Arjun Williams,4.7,1.6,94.6,18.9,95.7,82.4,100.0,1,97.3,100.0,Low
STU0491,Barbara Gupta,7.0,3.9,83.9,9.0,79.4,66.1,71.4,1,71.3,100.0,Low
STU0492,Thomas Hernandez,6.2,4.1,100.0,26.1,99.6,100.0,100.0,1,99.9,100.0,Low
STU0493,Ananya Singh,6.4,5.4,84.9,8.9,69.9,66.6,75.4,1,72.5,100.0,Low
STU0494,Manish Thomas,8.7,3.5,73.7,13.0,71.8,86.7,83.9,1,78.1,100.0,Low
STU0495,Thomas Kumar,5.5,5.4,100.0,20.5,100.0,93.0,94.1,1,96.9,100.0,Low
STU0496,Deepak Rao,8.0,8.0,90.5,23.0,100.0,78.6,96.0,1,95.5,100.0,Low
STU0497,Ishaan Davis,6.7,6.0,71.6,23.3,82.7,80.6,93.5,1,90.6,100.0,Low
STU0498,Michael Martinez,6.7,4.4,81.7,18.6,99.5,74.8,92.8,1,90.0,100.0,Low
STU0499,Charles Thomas,7.9,4.2,73.5,17.6,61.5,58.0,69.1,1,68.3,100.0,Low
STU0500,Karen Rao,7.4,3.9,67.4,15.3,64.7,83.1,75.6,1,78.9,100.0,Low
STU0501,Susan Williams,7.7,6.6,95.1,16.3,82.4,88.2,97.9,1,95.9,100.0,Low
STU0502,William Martin,8.2,3.4,100.0,9.0,70.0,80.1,72.4,1,73.0,100.0,Low
STU0503,William Kumar,6.6,4.6,67.2,7.5,49.0,62.2,61.5,1,60.3,100.0,Low
STU0504,Sarah Brown,6.3,4.6,90.8,12.0,87.5,64.7,67.5,1,69.6,100.0,Low
STU0505,Vikram Rodriguez,5.7,3.6,76.2,11.1,72.6,64.9,75.5,1,73.3,100.0,Low
STU0506,Karen Verma,6.0,2.0,78.2,9.5,77.1,74.4,71.6,1,73.1,100.0,Low
STU0507,Karen Wilson,10.0,5.1,76.9,15.8,89.1,66.3,84.3,1,81.6,100.0,Low
STU0508,Divya Anderson,8.5,4.4,73.6,17.3,85.4,54.9,74.4,1,71.2,100.0,Low
STU0509,Rahul Hernandez,5.4,5.4,84.6,12.5,87.6,72.0,70.6,1,73.5,100.0,Low
STU0510,Rahul Nair,5.4,3.5,74.0,20.1,86.5,77.6,93.0,1,90.0,100.0,Low
STU0511,Deepak Joshi,7.6,6.7,87.2,5.7,60.3,67.8,75.8,1,72.4,100.0,Low
STU0512,Rohan Joshi,7.7,2.9,83.4,10.9,88.6,77.3,84.0,1,83.0,100.0,Low
STU0513,Jessica Gupta,7.7,7.6,81.1,8.1,66.8,72.3,65.6,1,68.3,100.0,Low
STU0514,Neha Sharma,6.7,1.4,73.1,1.7,49.7,58.4,51.7,1,50.0,63.0,Medium
STU0515,Michael Jones,6.8,5.3,77.1,11.5,74.0,79.2,77.2,1,77.2,100.0,Low
STU0516,Charles Garcia,7.4,5.4,93.1,11.3,74.4,63.6,69.0,1,68.3,100.0,Low
STU0517,Sneha Verma,7.1,3.1,90.0,20.3,91.3,89.4,100.0,1,97.3,100.0,Low
STU0518,Riya Kumar,4.3,5.3,72.3,15.5,82.8,77.5,80.2,1,80.1,100.0,Low
STU0519,Sneha Gonzalez,6.7,6.8,85.2,6.4,75.7,56.8,47.8,0,56.2,39.0,High
STU0520,Elizabeth Gupta,6.0,1.0,93.0,22.2,90.8,76.8,93.4,1,92.2,100.0,Low
STU0521,Riya Martin,7.2,5.4,64.0,18.7,75.2,67.1,72.2,1,72.5,100.0,Low
STU0522,Sanjana Thomas,10.0,1.0,90.5,15.2,98.8,74.1,84.0,1,81.8,100.0,Low
STU0523,Sarah Lopez,7.4,2.8,76.0,10.8,79.2,74.4,71.9,1,73.9,100.0,Low
STU0524,Pooja Brown,6.6,7.4,90.8,6.7,96.2,64.4,77.0,1,75.6,99.0,Low
STU0525,Ishaan Davis,8.1,3.5,74.8,10.0,84.2,60.1,74.1,1,72.7,100.0,Low
STU0526,Riya Hernandez,7.6,2.4,62.3,18.0,89.6,66.6,76.9,1,76.2,100.0,Low
STU0527,Manish Martin,7.5,4.1,64.5,22.4,72.0,86.6,84.0,1,85.5,100.0,Low
STU0528,Saurabh Taylor,7.7,8.2,84.6,20.5,100.0,83.5,91.9,1,93.1,100.0,Low
STU0529,Manish Gupta,9.5,1.2,87.1,9.3,77.0,69.6,73.1,1,70.4,100.0,Low
STU0530,Ananya Joshi,5.6,2.6,73.1,5.8,59.7,60.3,54.8,1,61.4,100.0,Low
STU0531,Vikram Martinez,7.6,7.2,91.7,12.8,86.7,87.4,90.3,1,90.1,100.0,Low
STU0532,Thomas Martin,5.9,7.8,64.1,2.3,65.0,47.4,51.9,1,52.0,82.0,Low
STU0533,Sneha Jones,7.7,4.3,83.2,13.8,87.3,85.4,94.0,1,89.1,100.0,Low
STU0534,Ishaan Jones,5.9,2.3,69.5,11.2,62.8,67.9,75.0,1,72.1,100.0,Low
STU0535,Vikram Gonzalez,6.5,8.3,76.2,9.4,79.6,65.5,64.8,1,70.2,100.0,Low
STU0536,Jennifer Nair,6.6,7.4,84.6,3.2,60.7,82.7,75.3,1,75.8,100.0,Low
STU0537,Richard Davis,8.2,5.7,73.7,14.8,81.2,63.8,66.9,1,67.8,100.0,Low
STU0538,Barbara Jones,8.1,3.0,79.4,9.1,70.3,64.9,72.0,1,70.9,100.0,Low
STU0539,Deepak Martinez,5.5,4.4,96.1,5.6,74.3,60.3,64.2,1,64.2,100.0,Low
STU0540,Amit Jackson,7.1,4.2,77.1,1.0,67.7,64.7,53.3,1,57.5,98.0,Low
STU0541,Linda Wilson,6.1,5.1,94.0,11.8,74.3,90.3,87.6,1,87.0,100.0,Low
STU0542,James Martinez,5.5,7.1,70.4,21.7,100.0,92.6,77.8,1,82.4,100.0,Low
STU0543,Sanjana Sharma,6.7,6.1,90.4,21.1,78.6,96.3,86.2,1,94.2,100.0,Low
STU0544,Deepak Rao,6.6,2.6,100.0,9.5,78.3,74.8,77.9,1,73.2,100.0,Low
STU0545,Thomas Rodriguez,9.9,7.0,54.3,8.7,63.9,54.2,55.9,1,57.1,96.0,Low
STU0546,Aditi Anderson,7.5,5.1,74.4,14.6,84.9,58.9,68.8,1,70.5,100.0,Low
STU0547,Saurabh Rodriguez,5.3,5.7,90.9,6.5,74.2,85.4,68.7,1,73.5,100.0,Low
STU0548,Amit Anderson,6.3,7.1,81.6,13.7,80.8,77.8,75.0,1,77.4,100.0,Low
STU0549,Pranav Garcia,8.2,2.5,88.5,16.2,92.7,75.9,87.1,1,84.4,100.0,Low
STU0550,Susan Hernandez,9.5,4.4,76.8,18.7,84.1,88.8,92.1,1,87.6,100.0,Low
STU0551,William Martin,5.1,3.5,85.0,11.4,93.5,64.9,74.6,1,74.5,100.0,Low
STU0552,Saurabh Joshi,4.7,1.7,82.1,10.9,85.8,74.2,83.5,1,81.7,100.0,Low
STU0553,Sarah Brown,9.2,5.1,98.0,7.2,88.5,71.5,78.8,1,77.5,100.0,Low
STU0554,Barbara Gupta,7.5,9.0,87.1,7.5,65.1,73.9,67.1,1,68.6,100.0,Low
STU0555,David Johnson,6.0,1.2,88.1,10.8,79.5,72.7,74.7,1,76.4,100.0,Low
STU0556,Michael Smith,7.6,4.4,79.1,14.0,77.5,61.8,63.4,1,65.6,100.0,Low
STU0557,James Lopez,4.0,5.7,78.1,17.0,74.5,77.2,80.1,1,80.5,100.0,Low
STU0558,Divya Moore,7.0,4.7,78.8,7.6,74.4,74.0,77.7,1,74.6,100.0,Low
STU0559,Neha Smith,7.4,4.3,88.7,20.2,89.3,84.5,95.9,1,95.4,100.0,Low
STU0560,Michael Gonzalez,8.1,2.2,78.9,10.5,81.8,75.4,83.8,1,79.0,100.0,Low
STU0561,Barbara Kumar,5.8,4.9,87.5,11.9,70.9,65.9,71.1,1,70.5,100.0,Low
STU0562,Jennifer Taylor,7.1,3.1,100.0,7.9,99.0,74.3,88.5,1,84.5,100.0,Low
STU0563,Jessica Verma,5.9,1.0,94.5,1.0,59.8,59.0,58.9,1,60.4,99.0,Low
STU0564,Elizabeth Gupta,7.3,6.7,80.1,16.9,87.6,83.3,94.7,1,90.6,100.0,Low
STU0565,James Nair,5.9,6.2,98.4,16.1,100.0,83.9,91.7,1,91.2,100.0,Low
STU0566,James Mehta,6.5,4.6,79.1,10.5,69.6,74.8,77.6,1,76.0,100.0,Low
STU0567,Jennifer Moore,5.8,4.9,59.5,12.4,76.9,72.4,79.0,1,76.7,100.0,Low
STU0568,Richard Taylor,7.8,6.4,71.9,14.8,65.9,77.1,74.7,1,75.3,100.0,Low
STU0569,Aarav Lopez,8.0,4.9,61.6,3.4,70.4,55.9,55.5,1,55.7,94.0,Low
STU0570,Joseph Jones,6.7,6.1,79.8,9.1,73.7,59.9,73.9,1,71.1,100.0,Low
STU0571,Michael Verma,7.0,4.0,84.2,16.4,80.7,78.3,82.4,1,87.1,100.0,Low
STU0572,Pooja Miller,5.3,6.9,100.0,5.1,74.7,66.9,63.0,1,65.3,100.0,Low
STU0573,Patricia Martinez,6.6,5.1,87.9,13.6,92.4,73.7,94.1,1,87.4,100.0,Low
STU0574,Barbara Hernandez,6.9,4.8,81.4,4.5,61.6,60.0,57.8,1,59.3,100.0,Low
STU0575,William Anderson,10.0,2.2,94.0,14.6,81.4,72.3,82.3,1,79.4,100.0,Low
STU0576,Ananya Patel,5.7,5.0,57.5,11.8,64.2,46.5,62.5,1,60.7,97.0,Low
STU0577,Saurabh Davis,8.8,3.0,86.8,3.1,56.3,58.1,55.4,1,55.6,97.0,Low
STU0578,Kavya Martin,8.2,3.4,93.3,18.4,100.0,85.9,87.5,1,89.8,100.0,Low
STU0579,Sneha Jones,7.3,3.0,66.3,8.0,59.5,50.3,56.9,1,58.0,77.0,Medium
STU0580,Barbara Mehta,9.1,2.6,97.7,7.5,88.4,73.2,66.6,1,69.9,100.0,Low
STU0581,Aditi Hernandez,7.4,8.3,88.1,13.1,85.8,91.2,86.0,1,86.9,100.0,Low
STU0582,Charles Thomas,7.5,6.9,79.0,18.3,77.1,86.7,88.3,1,88.5,100.0,Low
STU0583,Rohan Gonzalez,6.9,8.0,91.6,6.4,75.3,82.5,75.5,1,75.6,100.0,Low
STU0584,Neha Kumar,8.5,2.3,100.0,12.3,96.3,82.9,78.6,1,87.4,100.0,Low
STU0585,Jessica Sharma,8.3,4.6,86.2,14.4,82.8,86.1,95.2,1,86.1,100.0,Low
STU0586,Jessica Brown,6.2,2.2,87.0,15.8,99.1,73.0,84.3,1,83.5,100.0,Low
STU0587,Deepak Rao,5.4,3.2,78.5,13.0,89.0,66.8,83.3,1,80.3,100.0,Low
STU0588,Ishaan Jones,6.8,2.8,73.8,10.0,81.1,44.6,58.1,1,61.0,95.0,Low
STU0589,Ishaan Hernandez,6.0,6.7,94.0,7.4,73.5,81.0,72.4,1,74.8,100.0,Low
STU0590,Manish Garcia,6.9,3.8,73.7,12.5,64.8,81.8,77.8,1,76.0,100.0,Low
STU0591,Sneha Miller,8.5,6.4,84.9,6.1,65.5,61.9,63.1,1,63.7,97.0,Low
STU0592,Saurabh Brown,6.5,5.6,78.3,1.0,62.6,55.5,47.8,0,50.7,34.0,High
STU0593,David Garcia,6.9,8.6,89.7,14.4,91.9,72.1,90.4,1,86.4,100.0,Low
STU0594,Rohan Jones,7.1,1.8,88.0,17.0,67.8,83.7,81.4,1,84.1,100.0,Low
STU0595,Jessica Singh,8.0,6.8,96.5,1.0,69.7,73.8,57.6,1,62.7,100.0,Low
STU0596,Robert Patel,4.3,6.6,77.9,6.4,70.1,49.9,66.2,1,54.2,75.0,Medium
STU0597,Charles Miller,6.3,2.7,80.8,15.4,80.7,79.1,78.7,1,80.8,100.0,Low
STU0598,Kavya Moore,7.3,6.3,72.3,23.3,100.0,79.7,86.3,1,86.8,100.0,Low
STU0599,Arjun Nair,8.4,5.1,78.7,12.1,81.7,71.9,64.6,1,68.2,100.0,Low
STU0600,Michael Smith,6.4,4.1,88.5,8.0,89.4,73.7,86.3,1,76.1,100.0,Low
STU0601,Richard Nair,4.7,3.0,93.1,11.0,80.9,73.9,70.8,1,74.3,100.0,Low
STU0602,Aarav Kumar,7.7,3.2,72.9,19.6,95.2,76.9,85.1,1,82.1,100.0,Low
STU0603,Vikram Taylor,6.2,8.2,94.4,8.4,96.2,71.1,83.1,1,80.7,100.0,Low
STU0604,Sarah Rodriguez,5.6,4.5,100.0,7.6,94.5,81.9,85.4,1,84.4,100.0,Low
STU0605,Barbara Moore,6.3,5.9,89.0,9.3,67.5,75.1,74.2,1,71.1,100.0,Low
STU0606,Manish Jones,6.8,3.1,100.0,6.8,77.7,74.9,66.3,1,69.1,100.0,Low
STU0607,Joseph Garcia,6.3,3.1,74.7,12.7,72.9,60.0,63.2,1,64.8,100.0,Low
STU0608,John Smith,4.4,6.4,69.1,20.9,90.8,74.7,84.4,1,84.5,100.0,Low
STU0609,Jessica Anderson,8.1,2.1,62.7,13.8,78.9,73.8,68.4,1,70.5,100.0,Low
STU0610,Joseph Williams,8.5,3.8,100.0,10.6,77.5,78.0,82.5,1,80.3,100.0,Low
STU0611,Elizabeth Martin,7.8,4.6,91.9,10.4,82.2,79.5,84.5,1,82.7,100.0,Low
STU0612,James Moore,5.6,4.7,83.3,3.4,46.6,76.5,71.1,1,71.7,96.0,Low
STU0613,Pooja Gonzalez,6.8,4.2,87.4,16.9,100.0,88.5,84.5,1,86.1,100.0,Low
STU0614,Rohan Rodriguez,7.0,5.2,70.5,11.6,67.5,67.9,81.9,1,70.1,100.0,Low
STU0615,Robert Rao,7.7,5.7,100.0,11.0,87.1,74.1,85.9,1,84.3,100.0,Low
STU0616,Michael Verma,7.8,5.8,85.6,29.6,100.0,74.3,96.5,1,94.7,100.0,Low
STU0617,James Wilson,6.1,2.7,85.3,13.6,94.5,74.1,87.6,1,85.4,100.0,Low
STU0618,David Gonzalez,7.1,4.0,92.7,7.9,49.8,69.0,83.0,1,72.4,100.0,Low
STU0619,Robert Williams,7.5,6.7,89.8,9.7,79.3,75.7,68.5,1,70.8,100.0,Low
STU0620,Manish Garcia,8.7,6.1,86.7,18.3,89.7,80.4,86.4,1,87.5,100.0,Low
STU0621,Amit Singh,7.8,2.0,74.5,12.6,71.6,67.4,56.8,1,60.6,100.0,Low
STU0622,Richard Rodriguez,7.9,5.1,89.7,4.1,88.3,51.6,63.7,1,64.3,75.0,Medium
STU0623,Mary Moore,7.1,1.0,100.0,17.1,86.8,78.0,90.7,1,87.0,100.0,Low
STU0624,Divya Moore,8.7,4.6,100.0,8.3,90.2,78.8,81.2,1,79.8,100.0,Low
STU0625,William Mehta,7.5,7.9,100.0,22.3,100.0,100.0,100.0,1,99.2,100.0,Low
STU0626,Susan Martin,6.0,2.8,77.9,17.9,98.4,76.9,72.7,1,76.8,100.0,Low
STU0627,Elizabeth Sharma,8.7,3.0,72.1,9.5,63.6,67.9,68.9,1,68.3,100.0,Low
STU0628,Manish Brown,7.8,5.9,82.5,19.0,82.4,88.4,98.6,1,95.6,100.0,Low
STU0629,Manish Gupta,6.5,1.7,84.7,12.4,91.9,67.3,72.9,1,74.1,100.0,Low
STU0630,David Thomas,6.4,3.4,97.1,16.7,97.9,86.8,95.7,1,94.0,100.0,Low
STU0631,Sanjana Smith,7.4,5.6,63.7,14.7,58.5,62.2,56.5,1,57.0,99.0,Low
STU0632,Karen Gonzalez,7.6,3.4,100.0,7.3,75.6,80.7,82.0,1,80.0,100.0,Low
STU0633,Jennifer Hernandez,7.2,4.1,82.1,8.5,77.7,69.3,68.7,1,69.2,100.0,Low
STU0634,Deepak Moore,7.4,5.8,78.9,17.7,94.4,80.2,81.3,1,83.7,100.0,Low
STU0635,Mary Moore,9.0,5.3,71.9,10.2,64.5,59.7,59.1,1,62.1,100.0,Low
STU0636,Joseph Williams,8.3,5.0,64.1,9.8,37.6,68.1,58.8,1,66.1,91.0,Low
STU0637,James Hernandez,7.2,3.9,93.9,6.7,82.2,87.3,83.4,1,83.1,100.0,Low
STU0638,Barbara Moore,8.1,5.2,84.9,14.3,71.7,68.1,67.6,1,68.3,100.0,Low
STU0639,Joseph Verma,5.8,4.3,68.5,23.3,69.0,77.6,81.0,1,83.1,100.0,Low
STU0640,Karen Gupta,7.5,5.3,68.5,6.1,35.1,61.6,55.4,1,56.8,93.0,Low
STU0641,Rohan Hernandez,9.2,3.6,80.0,12.1,86.3,77.8,72.3,1,74.5,100.0,Low
STU0642,Sneha Rao,6.7,4.2,100.0,19.8,100.0,84.3,100.0,1,97.7,100.0,Low
STU0643,Deepak Brown,6.0,2.7,80.9,11.6,75.6,48.6,58.8,1,60.9,95.0,Low
STU0644,Divya Anderson,6.2,4.4,66.0,14.5,88.6,79.7,74.7,1,79.7,100.0,Low
STU0645,Divya Jones,5.7,3.0,81.1,6.2,76.2,71.0,63.4,1,70.1,100.0,Low
STU0646,Neha Gonzalez,6.1,2.5,80.7,14.4,98.1,60.6,85.9,1,81.8,100.0,Low
STU0647,Vikram Jackson,6.6,5.0,51.6,11.0,48.4,54.0,57.7,1,58.1,96.0,Low
STU0648,Aditi Verma,5.3,4.9,83.3,17.4,87.4,91.7,85.2,1,86.1,100.0,Low
STU0649,James Thomas,7.0,5.9,81.2,18.5,72.2,91.3,95.5,1,93.9,100.0,Low
STU0650,Ananya Kumar,8.1,3.7,92.4,26.2,100.0,100.0,100.0,1,99.6,100.0,Low
STU0651,John Johnson,5.9,5.2,100.0,15.2,90.3,81.8,90.6,1,89.7,100.0,Low
STU0652,Linda Singh,8.8,5.5,97.5,13.8,95.7,81.2,85.6,1,85.7,100.0,Low
STU0653,Rohan Miller,7.6,5.3,80.8,13.1,80.5,72.0,72.0,1,71.9,100.0,Low
STU0654,Michael Rodriguez,8.2,3.0,70.7,10.1,76.7,74.4,73.8,1,73.3,100.0,Low
STU0655,Pranav Joshi,6.2,4.8,100.0,13.9,97.9,74.7,82.5,1,83.9,100.0,Low
STU0656,Pranav Gupta,8.0,5.2,84.7,10.4,99.5,64.9,85.6,1,81.5,100.0,Low
STU0657,Karen Moore,5.7,4.5,84.2,12.9,78.3,82.2,73.8,1,80.0,100.0,Low
STU0658,Robert Martinez,8.1,1.0,83.7,19.2,81.2,81.2,96.1,1,93.3,100.0,Low
STU0659,Rohan Garcia,7.2,4.8,86.4,6.5,75.4,78.4,73.4,1,73.8,100.0,Low
STU0660,Sarah Singh,7.7,8.5,82.3,18.3,80.6,74.5,84.5,1,84.5,100.0,Low
STU0661,Riya Jones,5.6,3.9,77.1,19.2,100.0,78.4,91.8,1,83.4,100.0,Low
STU0662,Sanjana Jones,5.9,3.2,77.4,11.4,73.0,62.3,64.8,1,64.8,100.0,Low
STU0663,Sanjana Lopez,7.7,5.2,83.6,1.0,57.6,59.7,62.5,1,58.2,95.0,Low
STU0664,Aarav Jackson,5.9,5.1,77.5,8.7,67.1,54.6,45.6,0,52.0,37.0,High
STU0665,Elizabeth Jackson,7.6,6.6,75.4,19.1,93.5,74.2,79.1,1,80.4,100.0,Low
STU0666,Sneha Lopez,5.4,2.2,85.3,11.9,78.9,61.9,66.2,1,67.4,100.0,Low
STU0667,Joseph Joshi,8.0,5.8,80.9,6.5,63.8,70.7,59.9,1,64.8,100.0,Low
STU0668,Arjun Jones,5.5,5.6,100.0,9.2,100.0,81.8,83.8,1,84.4,100.0,Low
STU0669,John Rodriguez,7.7,4.2,52.2,16.6,62.4,52.0,63.1,1,62.9,90.0,Low
STU0670,Vikram Hernandez,7.8,5.1,97.1,15.0,91.4,92.5,97.3,1,94.3,100.0,Low
STU0671,Linda Gonzalez,6.2,6.4,99.0,10.7,92.1,97.4,93.5,1,88.5,100.0,Low
STU0672,Sanjana Jones,7.7,6.1,59.1,10.0,48.2,61.0,54.5,1,55.3,100.0,Low
STU0673,Vikram Patel,7.3,2.4,79.9,9.8,79.5,63.6,71.6,1,70.5,100.0,Low
STU0674,Robert Moore,6.4,6.0,79.5,6.9,59.5,87.7,75.2,1,77.2,100.0,Low
STU0675,David Mehta,5.8,4.4,67.1,20.9,93.1,66.4,85.0,1,82.0,100.0,Low
STU0676,Rohan Williams,4.6,4.6,74.7,10.2,63.0,67.3,72.3,1,69.6,100.0,Low
STU0677,Thomas Johnson,7.4,4.6,70.7,18.7,90.3,77.2,83.0,1,82.2,100.0,Low
STU0678,Thomas Kumar,5.1,4.2,100.0,20.4,100.0,100.0,98.0,1,97.6,100.0,Low
STU0679,Sneha Sharma,7.1,6.6,95.2,17.5,100.0,87.0,89.8,1,92.3,100.0,Low
STU0680,Jennifer Nair,6.7,4.3,99.3,9.6,86.6,72.3,75.7,1,75.3,100.0,Low
STU0681,Aarav Rodriguez,7.8,2.5,92.7,14.2,85.3,71.5,79.0,1,79.2,100.0,Low
STU0682,Ananya Martin,6.6,3.8,70.5,11.9,67.3,64.7,69.2,1,68.4,100.0,Low
STU0683,Charles Wilson,6.6,4.8,77.7,7.0,84.1,56.4,68.0,1,69.1,97.0,Low
STU0684,Barbara Taylor,7.9,6.7,89.9,13.8,78.7,77.9,81.4,1,80.8,100.0,Low
STU0685,Sneha Anderson,7.4,5.6,69.3,5.5,52.5,54.8,54.9,1,53.8,85.0,Low
STU0686,Riya Martinez,7.4,3.0,92.6,18.5,100.0,72.3,88.2,1,87.3,100.0,Low
STU0687,John Rao,7.6,9.0,81.1,9.4,66.7,78.8,71.1,1,71.3,100.0,Low
STU0688,Pooja Martinez,5.2,5.0,79.5,13.1,69.9,68.5,67.4,1,71.1,100.0,Low
STU0689,Sanjana Lopez,7.9,6.8,92.5,13.6,72.2,68.2,66.4,1,66.9,100.0,Low
STU0690,Kavya Hernandez,7.7,4.2,89.3,10.6,75.7,72.1,71.5,1,74.5,100.0,Low
STU0691,Divya Jackson,5.8,5.5,79.7,15.2,81.8,75.7,82.8,1,82.3,100.0,Low
STU0692,Amit Kumar,6.7,6.0,97.9,9.4,85.5,61.5,69.2,1,70.2,100.0,Low
STU0693,William Verma,7.0,6.7,71.0,16.8,90.2,76.2,79.3,1,83.3,100.0,Low
STU0694,Sarah Johnson,6.8,6.4,91.4,4.6,77.9,58.7,67.9,1,67.8,99.0,Low
STU0695,Kavya Gupta,7.4,6.1,91.1,12.7,82.7,90.4,90.4,1,89.0,100.0,Low
STU0696,Sneha Smith,8.7,3.9,80.3,22.7,92.2,88.6,87.7,1,88.8,100.0,Low
STU0697,Michael Joshi,8.3,3.5,87.9,6.5,78.8,64.8,74.8,1,71.8,100.0,Low
STU0698,Pooja Singh,5.4,5.1,69.0,8.3,79.7,56.6,68.9,1,64.7,91.0,Low
STU0699,Joseph Jackson,7.7,6.2,95.1,14.8,91.0,80.0,80.0,1,83.9,100.0,Low
STU0700,Patricia Miller,8.6,4.1,81.8,13.0,75.7,78.2,73.8,1,75.6,100.0,Low
STU0701,Richard Martin,7.5,6.4,77.7,13.9,69.8,72.6,82.2,1,77.8,100.0,Low
STU0702,Saurabh Taylor,8.3,7.1,96.6,14.7,75.9,79.5,83.7,1,83.9,100.0,Low
STU0703,Neha Nair,9.4,2.9,75.5,15.5,87.7,74.3,66.1,1,68.9,100.0,Low
STU0704,David Thomas,8.2,3.0,67.1,18.1,86.5,68.7,68.6,1,72.4,100.0,Low
STU0705,Sneha Wilson,7.3,4.2,65.3,14.3,79.9,65.5,69.2,1,70.1,100.0,Low
STU0706,Mary Thomas,8.3,5.1,91.3,10.7,80.4,57.7,63.5,1,64.8,100.0,Low
STU0707,Ishaan Jones,7.2,3.6,68.6,15.7,91.9,79.1,78.2,1,78.9,100.0,Low
STU0708,Arjun Singh,7.0,6.9,100.0,22.4,98.8,94.3,100.0,1,99.7,100.0,Low
STU0709,Riya Moore,6.6,5.3,59.0,11.3,76.0,56.0,70.3,1,66.2,99.0,Low
STU0710,Jennifer Moore,8.9,4.6,100.0,6.6,79.5,88.1,80.8,1,81.7,100.0,Low
STU0711,Jessica Johnson,6.0,1.9,86.5,18.1,84.3,82.0,93.9,1,90.8,100.0,Low
STU0712,Deepak Thomas,8.8,2.1,82.8,11.3,84.3,63.4,80.6,1,77.2,100.0,Low
STU0713,Jennifer Sharma,7.6,5.0,77.5,1.0,64.3,64.1,67.4,1,65.7,97.0,Low
STU0714,Sanjana Davis,5.3,1.0,88.8,16.7,93.0,83.7,90.6,1,88.6,100.0,Low
STU0715,Ishaan Jones,7.4,6.3,83.5,9.1,76.2,72.5,61.3,1,71.7,100.0,Low
STU0716,Patricia Lopez,4.5,4.2,97.2,11.5,85.5,74.3,83.7,1,82.6,100.0,Low
STU0717,Sanjana Rodriguez,7.8,10.3,85.4,13.8,100.0,79.3,90.7,1,86.6,100.0,Low
STU0718,Robert Taylor,8.1,8.7,85.8,13.0,94.2,72.8,79.6,1,79.6,100.0,Low
STU0719,Patricia Mehta,6.3,4.2,79.6,15.9,90.9,80.4,94.5,1,90.8,100.0,Low
STU0720,Riya Garcia,7.1,4.3,83.3,9.6,77.2,54.6,70.8,1,66.7,98.0,Low
STU0721,Aditi Martinez,9.3,6.3,87.7,14.8,96.1,74.4,86.5,1,84.7,100.0,Low
STU0722,Jessica Smith,6.4,7.6,63.5,10.6,72.8,76.9,77.5,1,74.7,100.0,Low
STU0723,Karen Rao,5.7,1.6,67.8,16.1,78.3,65.3,74.6,1,73.5,100.0,Low
STU0724,Arjun Hernandez,8.8,1.3,92.9,15.4,86.5,75.8,69.2,1,75.5,100.0,Low
STU0725,Elizabeth Martin,9.4,3.4,86.1,6.9,72.6,64.1,64.5,1,65.4,100.0,Low
STU0726,Vikram Hernandez,7.0,5.5,81.8,18.0,56.2,69.6,83.6,1,80.0,99.0,Low
STU0727,Michael Mehta,8.2,5.4,84.2,9.1,77.9,51.9,59.4,1,61.6,95.0,Low
STU0728,Kavya Verma,8.6,6.4,88.2,16.4,83.8,78.1,83.2,1,84.4,100.0,Low
STU0729,Amit Kumar,6.1,2.3,77.5,14.0,95.7,73.9,73.3,1,76.9,100.0,Low
STU0730,Barbara Mehta,6.4,1.0,74.7,22.1,90.7,81.0,99.3,1,94.7,100.0,Low
STU0731,Divya Rao,8.5,6.0,86.4,10.8,67.5,71.4,83.7,1,80.8,100.0,Low
STU0732,Joseph Singh,9.0,3.0,72.3,10.1,70.8,66.4,62.4,1,64.5,100.0,Low
STU0733,Robert Jones,7.7,1.0,88.9,11.9,71.8,83.0,81.9,1,81.3,100.0,Low
STU0734,Patricia Lopez,5.9,4.8,63.6,10.3,72.0,61.3,59.5,1,60.5,100.0,Low
STU0735,Joseph Brown,9.4,5.9,96.3,16.4,95.7,78.6,92.2,1,90.5,100.0,Low
STU0736,Sarah Wilson,6.4,4.3,89.7,3.1,79.1,62.4,68.2,1,68.0,100.0,Low
STU0737,Manish Jackson,6.6,3.7,87.1,6.2,64.9,71.9,74.3,1,74.0,100.0,Low
STU0738,Michael Hernandez,7.4,4.2,95.8,6.1,77.4,81.9,79.9,1,79.8,100.0,Low
STU0739,Divya Taylor,8.9,3.8,100.0,17.2,82.1,80.6,100.0,1,95.8,100.0,Low
STU0740,Barbara Martinez,8.0,2.1,96.2,21.4,100.0,90.0,92.6,1,94.5,100.0,Low
STU0741,Michael Nair,7.5,3.2,61.9,11.4,73.2,66.1,56.2,1,66.9,100.0,Low
STU0742,Amit Gonzalez,7.6,5.4,68.6,11.1,75.9,57.8,62.2,1,65.3,98.0,Low
STU0743,Patricia Patel,7.1,5.1,76.5,12.4,76.9,70.6,64.2,1,66.2,100.0,Low
STU0744,William Jones,7.7,4.8,84.3,18.4,93.9,69.1,73.9,1,77.1,100.0,Low
STU0745,Rohan Moore,4.0,2.7,90.2,6.9,91.5,55.2,61.3,1,64.3,96.0,Low
STU0746,Patricia Mehta,6.6,4.2,75.3,13.3,74.7,74.0,69.8,1,71.4,100.0,Low
STU0747,Patricia Davis,7.3,1.0,86.2,17.4,90.6,77.3,79.9,1,81.7,100.0,Low
STU0748,John Verma,5.6,4.8,74.9,14.8,68.8,74.3,78.9,1,77.8,100.0,Low
STU0749,Jennifer Nair,7.5,7.1,76.7,13.0,69.2,71.1,70.2,1,70.6,100.0,Low
STU0750,Pooja Mehta,6.8,1.8,67.1,17.5,80.8,65.0,72.8,1,73.7,100.0,Low
STU0751,Elizabeth Gupta,9.1,3.4,72.9,1.0,69.0,55.0,59.6,1,57.5,94.0,Low
STU0752,Rahul Hernandez,8.9,5.1,67.8,15.7,74.9,61.1,65.2,1,64.9,100.0,Low
STU0753,Charles Sharma,6.4,6.8,72.3,8.4,66.4,75.1,67.8,1,69.5,98.0,Low
STU0754,Ananya Thomas,6.8,3.7,96.6,1.9,67.1,55.1,62.9,1,58.6,93.0,Low
STU0755,Mary Rao,6.9,3.3,72.6,14.8,73.2,70.2,62.4,1,65.5,100.0,Low
STU0756,Kavya Thomas,6.5,1.0,100.0,19.6,100.0,80.2,79.4,1,86.1,100.0,Low
STU0757,Thomas Patel,7.2,4.7,89.9,11.2,66.8,79.0,80.2,1,79.6,100.0,Low
STU0758,Arjun Taylor,6.1,8.2,86.2,17.2,100.0,77.5,89.9,1,89.2,100.0,Low
STU0759,Jessica Patel,5.6,5.0,73.7,20.9,81.5,75.4,95.8,1,92.1,100.0,Low
STU0760,Sarah Patel,7.7,4.5,92.4,19.2,100.0,91.8,97.6,1,97.1,100.0,Low
STU0761,Riya Smith,7.8,5.1,77.1,21.0,77.4,81.3,91.3,1,89.7,100.0,Low
STU0762,Manish Thomas,6.0,4.5,85.5,16.1,93.6,82.7,85.9,1,88.6,100.0,Low
STU0763,Charles Sharma,8.1,3.0,100.0,12.4,95.3,72.0,84.6,1,81.5,100.0,Low
STU0764,Saurabh Moore,6.2,6.0,82.8,3.2,70.0,50.7,66.9,1,62.1,89.0,Low
STU0765,Manish Singh,7.3,4.9,97.8,10.6,74.9,77.7,67.4,1,79.6,100.0,Low
STU0766,Joseph Nair,8.0,4.5,75.6,7.4,71.4,61.6,66.5,1,65.8,100.0,Low
STU0767,Pranav Mehta,7.0,2.7,83.6,23.9,85.8,92.1,100.0,1,97.9,100.0,Low
STU0768,Aditi Singh,7.5,6.8,100.0,11.0,84.0,77.6,84.1,1,80.3,100.0,Low
STU0769,Aarav Johnson,6.4,5.7,76.5,12.7,87.6,72.5,86.2,1,81.9,100.0,Low
STU0770,Rohan Rodriguez,6.8,3.5,100.0,15.0,100.0,70.0,81.2,1,81.1,100.0,Low
STU0771,James Sharma,6.8,6.3,92.5,12.2,84.7,91.7,87.9,1,88.3,100.0,Low
STU0772,Pranav Nair,6.1,3.6,77.3,21.3,80.9,80.2,86.9,1,87.2,100.0,Low
STU0773,Ananya Singh,6.8,3.1,91.6,8.6,85.2,77.5,65.0,1,70.5,100.0,Low
STU0774,Michael Miller,5.1,3.1,95.7,13.1,87.7,72.3,74.4,1,77.2,100.0,Low
STU0775,Ishaan Wilson,6.4,1.3,91.5,7.9,54.4,73.5,64.6,1,69.5,100.0,Low
STU0776,Arjun Garcia,6.7,5.3,65.2,4.7,67.5,46.3,56.4,1,55.1,90.0,Low
STU0777,William Anderson,6.7,1.2,75.3,8.6,70.3,69.1,73.4,1,70.6,100.0,Low
STU0778,Patricia Miller,6.7,2.3,81.0,11.8,90.2,68.7,77.3,1,76.3,100.0,Low
STU0779,Sarah Mehta,6.9,1.0,83.1,9.6,65.0,70.0,75.6,1,72.0,100.0,Low
STU0780,William Miller,7.6,4.3,91.4,8.2,46.2,77.0,70.8,1,71.6,100.0,Low
STU0781,Riya Martinez,8.0,4.2,86.1,4.3,72.3,54.7,68.1,1,64.1,97.0,Low
STU0782,Amit Wilson,6.2,3.9,68.0,11.5,74.2,60.5,65.8,1,65.0,100.0,Low
STU0783,Susan Kumar,5.6,2.6,88.6,3.7,52.9,68.5,64.6,1,64.9,97.0,Low
STU0784,Elizabeth Hernandez,5.7,2.4,91.3,16.2,80.2,97.7,91.8,1,92.5,100.0,Low
STU0785,Aditi Verma,6.4,5.3,90.7,12.5,100.0,75.2,86.9,1,86.1,100.0,Low
STU0786,David Moore,6.6,3.5,97.0,4.0,71.4,73.3,69.0,1,69.7,99.0,Low
STU0787,Jennifer Brown,6.1,5.1,94.0,10.3,89.8,74.1,85.4,1,83.3,100.0,Low
STU0788,Divya Garcia,5.4,2.9,89.5,7.9,70.1,85.8,71.8,1,79.8,100.0,Low
STU0789,William Gupta,6.5,4.8,83.2,13.8,61.4,60.9,63.2,1,65.2,100.0,Low
STU0790,Deepak Smith,7.2,6.8,64.1,19.4,79.4,74.7,83.1,1,82.0,100.0,Low
STU0791,Charles Singh,7.7,5.6,89.2,1.7,64.5,49.7,55.3,1,55.3,84.0,Low
STU0792,Arjun Singh,6.3,3.8,86.5,12.6,78.2,54.7,66.6,1,67.1,100.0,Low
STU0793,Saurabh Martinez,6.5,5.0,87.3,11.1,79.2,75.6,83.1,1,82.0,100.0,Low
STU0794,Sarah Davis,5.9,4.1,68.7,15.7,80.5,72.4,72.3,1,73.9,100.0,Low
STU0795,James Williams,7.0,4.5,71.0,13.2,73.8,67.0,69.6,1,69.3,100.0,Low
STU0796,Charles Miller,6.0,3.9,96.6,7.9,67.5,72.3,82.3,1,78.1,100.0,Low
STU0797,Sneha Jones,7.7,4.2,83.5,10.2,81.9,95.4,94.5,1,90.7,100.0,Low
STU0798,Richard Martinez,4.9,4.9,92.2,7.6,58.0,68.9,79.0,1,75.1,99.0,Low
STU0799,Linda Mehta,6.6,2.7,84.3,17.9,68.5,84.3,83.7,1,85.6,100.0,Low
STU0800,Ishaan Moore,7.4,2.7,84.4,12.1,87.7,68.1,83.2,1,79.7,100.0,Low
STU0801,Jessica Wilson,7.2,2.0,95.3,22.5,100.0,92.5,95.0,1,98.7,100.0,Low
STU0802,Rahul Brown,10.0,1.6,77.8,11.7,75.9,68.3,66.7,1,66.9,100.0,Low
STU0803,William Jackson,7.4,2.3,85.2,8.1,60.8,65.5,53.1,1,69.2,100.0,Low
STU0804,Riya Brown,5.8,4.8,78.5,3.7,57.7,75.4,75.6,1,73.3,99.0,Low
STU0805,Mary Taylor,6.9,2.9,78.8,2.1,59.9,68.5,56.2,1,59.1,99.0,Low
STU0806,Elizabeth Williams,4.9,5.4,80.3,3.3,49.1,62.2,57.6,1,57.6,93.0,Low
STU0807,Michael Wilson,6.9,4.6,86.7,13.5,76.2,57.4,65.6,1,67.4,99.0,Low
STU0808,Divya Smith,6.0,1.0,78.3,14.8,87.9,71.2,82.3,1,81.1,100.0,Low
STU0809,Linda Smith,8.1,5.7,99.1,3.3,88.8,90.2,79.4,1,81.8,99.0,Low
STU0810,Sanjana Johnson,6.3,6.0,73.3,16.9,77.8,72.8,70.1,1,72.8,100.0,Low
STU0811,Manish Lopez,6.9,2.7,81.8,9.3,82.4,77.7,78.8,1,75.5,100.0,Low
STU0812,David Gupta,6.2,5.3,78.7,12.8,59.4,83.4,69.0,1,77.9,97.0,Low
STU0813,Deepak Taylor,9.1,3.0,100.0,20.9,100.0,91.8,95.1,1,95.3,100.0,Low
STU0814,Deepak Gupta,6.6,4.7,86.4,16.9,80.5,73.1,69.1,1,73.9,100.0,Low
STU0815,Linda Mehta,9.2,2.2,96.4,10.5,87.0,56.7,63.6,1,67.6,98.0,Low
STU0816,Patricia Thomas,8.0,1.3,66.2,7.1,61.3,65.5,62.7,1,63.1,98.0,Low
STU0817,Kavya Davis,7.6,3.8,87.2,1.0,78.3,54.6,47.2,0,60.8,91.0,Low
STU0818,Ananya Rodriguez,7.4,4.3,94.7,8.0,70.6,73.9,65.8,1,68.3,100.0,Low
STU0819,Jessica Davis,7.5,3.8,85.0,10.8,85.0,62.0,71.6,1,71.6,100.0,Low
STU0820,Mary Lopez,4.7,2.4,96.8,6.6,75.5,69.5,69.5,1,70.2,100.0,Low
STU0821,Ishaan Brown,6.7,3.8,77.8,11.3,74.3,69.9,84.2,1,69.9,100.0,Low
STU0822,John Moore,8.0,5.0,100.0,12.4,86.8,82.0,97.1,1,91.9,100.0,Low
STU0823,Linda Moore,6.9,4.4,100.0,10.8,77.7,69.0,72.2,1,73.8,100.0,Low
STU0824,Ananya Kumar,5.3,4.8,79.6,8.4,72.3,76.5,76.1,1,72.5,100.0,Low
STU0825,Charles Kumar,6.9,3.3,78.7,12.9,78.1,67.2,77.7,1,74.6,100.0,Low
STU0826,John Mehta,9.0,6.6,100.0,14.4,94.0,68.9,79.5,1,80.1,100.0,Low
STU0827,Thomas Miller,8.5,2.4,100.0,6.0,79.8,71.3,65.5,1,74.7,100.0,Low
STU0828,Rahul Singh,6.9,5.4,77.7,19.8,96.5,80.1,87.7,1,86.7,100.0,Low
STU0829,David Rao,8.1,6.6,79.0,11.5,86.0,71.7,74.2,1,74.9,100.0,Low
STU0830,Divya Johnson,6.6,5.4,80.6,12.1,67.9,82.7,75.8,1,78.6,100.0,Low
STU0831,Jessica Johnson,5.0,4.1,67.9,15.9,86.5,69.3,78.1,1,78.2,100.0,Low
STU0832,Ishaan Anderson,5.9,3.5,73.0,13.3,64.6,69.2,66.5,1,69.4,100.0,Low
STU0833,Saurabh Rodriguez,8.9,6.4,72.0,17.2,87.7,65.6,69.2,1,73.0,100.0,Low
STU0834,Riya Thomas,6.7,1.9,74.8,13.6,84.0,77.8,79.2,1,78.3,100.0,Low
STU0835,Linda Moore,6.7,2.8,83.6,8.6,55.6,70.2,70.9,1,69.9,100.0,Low
STU0836,Jessica Anderson,6.6,3.8,86.8,14.0,85.3,73.2,73.0,1,75.5,100.0,Low
STU0837,Karen Martinez,9.3,6.7,100.0,5.7,73.9,56.6,72.3,1,69.4,96.0,Low
STU0838,Jessica Sharma,9.0,5.2,72.0,12.6,67.3,80.5,65.0,1,76.9,100.0,Low
STU0839,Charles Martin,9.7,2.8,95.8,11.8,99.1,67.7,76.4,1,77.4,100.0,Low
STU0840,Saurabh Sharma,6.8,3.9,81.4,10.9,70.5,65.9,68.8,1,69.4,100.0,Low
STU0841,Pranav Nair,7.4,3.4,83.4,11.3,70.6,74.8,71.5,1,73.5,100.0,Low
STU0842,Vikram Martin,5.2,3.2,92.1,1.6,69.2,54.2,55.8,1,57.3,93.0,Low
STU0843,Mary Johnson,8.8,6.3,70.5,9.0,75.6,52.1,71.7,1,67.7,100.0,Low
STU0844,Aarav Joshi,5.6,2.0,88.6,12.5,81.6,58.4,66.8,1,67.4,100.0,Low
STU0845,Manish Rodriguez,7.3,7.4,86.0,12.9,94.0,80.6,98.1,1,92.9,100.0,Low
STU0846,Jennifer Gupta,5.7,6.0,89.9,6.3,79.7,64.2,71.6,1,68.8,99.0,Low
STU0847,Manish Wilson,6.3,6.5,87.5,19.0,70.5,100.0,95.1,1,93.7,100.0,Low
STU0848,Aditi Gupta,6.0,3.7,100.0,7.2,75.5,65.7,75.2,1,73.7,100.0,Low
STU0849,Susan Patel,6.3,4.2,76.3,17.3,78.5,68.9,92.6,1,87.0,100.0,Low
STU0850,Robert Brown,6.4,1.9,77.6,14.3,85.0,68.7,70.0,1,76.8,100.0,Low
STU0851,Elizabeth Smith,6.3,3.6,76.5,8.4,44.6,67.6,57.1,1,61.6,94.0,Low
STU0852,Neha Johnson,8.0,5.4,77.3,21.8,100.0,78.3,84.7,1,86.4,100.0,Low
STU0853,Vikram Wilson,5.7,6.8,76.4,5.4,71.6,66.9,65.0,1,64.8,98.0,Low
STU0854,James Anderson,7.3,2.5,98.3,17.1,96.3,77.0,78.7,1,82.4,100.0,Low
STU0855,Thomas Martinez,8.5,3.8,100.0,17.5,100.0,74.9,89.6,1,88.7,100.0,Low
STU0856,Deepak Jackson,6.4,4.2,77.2,8.3,94.5,51.5,74.3,1,71.8,94.0,Low
STU0857,Ananya Singh,6.1,2.0,74.0,19.7,95.3,60.5,78.7,1,78.2,100.0,Low
STU0858,Neha Anderson,6.7,5.6,89.7,10.6,90.2,69.5,75.0,1,75.7,100.0,Low
STU0859,Karen Verma,8.4,3.2,77.4,13.6,80.4,69.9,71.4,1,71.3,100.0,Low
STU0860,Deepak Nair,7.2,4.1,91.6,13.4,84.5,72.7,85.7,1,78.4,100.0,Low
STU0861,William Lopez,6.4,3.7,86.4,11.3,75.4,83.1,75.5,1,77.5,100.0,Low
STU0862,Linda Garcia,7.6,3.1,65.8,16.5,69.4,80.9,89.2,1,86.2,100.0,Low
STU0863,Charles Jones,5.7,4.5,100.0,16.4,87.7,82.0,100.0,1,95.7,100.0,Low
STU0864,Michael Nair,7.8,4.1,100.0,2.4,60.1,53.5,61.8,1,60.4,92.0,Low
STU0865,Rahul Anderson,7.5,3.8,76.6,19.2,86.3,74.1,82.7,1,81.7,100.0,Low
STU0866,Richard Mehta,6.6,3.2,79.3,2.9,47.2,55.4,60.6,1,49.1,63.0,Medium
STU0867,John Brown,6.0,5.1,87.4,17.7,92.2,75.9,92.3,1,88.0,100.0,Low
STU0868,Ishaan Kumar,5.9,7.5,88.0,18.2,90.9,76.5,81.6,1,88.7,100.0,Low
STU0869,Sarah Garcia,7.6,4.8,91.9,6.0,76.4,63.7,65.3,1,66.1,100.0,Low
STU0870,Susan Lopez,8.5,6.3,100.0,9.7,79.3,73.5,70.8,1,72.6,100.0,Low
STU0871,Vikram Verma,6.2,2.0,81.9,5.9,100.0,59.8,70.1,1,71.3,100.0,Low
STU0872,Riya Williams,7.6,4.8,74.4,10.8,87.0,69.4,76.6,1,75.3,100.0,Low
STU0873,Charles Verma,4.5,2.5,67.4,10.3,56.7,67.2,56.8,1,60.7,100.0,Low
STU0874,Aarav Patel,6.3,1.8,75.2,16.3,84.4,67.4,73.7,1,74.1,100.0,Low
STU0875,Vikram Patel,7.0,3.2,83.6,19.2,84.5,91.6,84.0,1,87.4,100.0,Low
STU0876,Kavya Anderson,5.9,6.6,100.0,19.7,89.4,80.8,87.1,1,89.5,100.0,Low
STU0877,Sanjana Kumar,5.9,6.2,77.8,8.9,58.8,53.9,63.8,1,60.9,88.0,Low
STU0878,James Mehta,6.2,4.9,86.7,10.8,83.9,75.7,73.6,1,77.1,100.0,Low
STU0879,Aarav Garcia,7.4,1.7,83.8,2.7,59.1,55.2,55.3,1,55.0,93.0,Low
STU0880,Linda Joshi,6.8,4.1,98.3,7.6,90.2,76.0,69.4,1,76.2,100.0,Low
STU0881,Kavya Williams,4.3,5.0,100.0,17.3,100.0,66.5,86.6,1,84.8,100.0,Low
STU0882,Joseph Gonzalez,4.5,4.8,77.6,20.9,100.0,92.3,94.5,1,92.2,100.0,Low
STU0883,Riya Miller,6.3,1.2,78.1,5.2,58.3,67.9,59.1,1,61.6,99.0,Low
STU0884,Jessica Taylor,7.5,2.9,96.5,8.7,86.1,62.0,71.6,1,71.6,100.0,Low
STU0885,John Gupta,4.0,4.4,92.2,11.9,90.3,64.3,77.3,1,70.6,100.0,Low
STU0886,Jennifer Moore,6.4,5.5,100.0,13.5,85.5,94.6,87.7,1,87.7,100.0,Low
STU0887,Amit Brown,6.4,1.0,91.0,7.5,69.0,64.5,60.0,1,62.8,100.0,Low
STU0888,Aditi Jones,8.7,4.2,79.7,14.3,97.4,67.4,88.6,1,85.5,100.0,Low
STU0889,Arjun Moore,6.5,4.8,91.1,9.4,81.9,54.6,64.3,1,64.9,98.0,Low
STU0890,James Rodriguez,7.5,6.0,97.3,11.9,92.9,75.4,82.3,1,81.9,100.0,Low
STU0891,Linda Rodriguez,7.2,5.7,93.8,15.0,81.2,78.7,90.6,1,88.6,100.0,Low
STU0892,Jennifer Gonzalez,4.4,5.5,90.1,12.0,70.9,81.2,100.0,1,93.1,100.0,Low
STU0893,Michael Kumar,7.9,3.1,96.8,9.6,77.1,64.0,65.7,1,68.9,100.0,Low
STU0894,Ishaan Williams,7.3,1.1,98.0,11.4,84.9,65.7,79.8,1,75.1,100.0,Low
STU0895,Aditi Smith,7.6,3.8,100.0,11.5,76.6,82.4,79.7,1,80.7,100.0,Low
STU0896,Neha Thomas,10.0,6.3,91.8,10.0,80.8,81.8,77.6,1,79.3,100.0,Low
STU0897,Karen Jones,4.5,7.0,82.0,10.6,60.0,58.0,60.8,1,61.8,98.0,Low
STU0898,Patricia Gupta,9.1,5.8,85.8,20.8,82.9,92.9,87.7,1,88.4,100.0,Low
STU0899,Linda Moore,6.7,5.3,98.5,15.1,98.6,82.8,90.0,1,89.4,100.0,Low
STU0900,Divya Rao,7.3,5.2,74.2,10.4,78.7,75.9,65.0,1,73.7,100.0,Low
STU0901,Linda Rodriguez,6.9,3.5,88.4,15.8,84.0,78.8,90.1,1,88.6,100.0,Low
STU0902,Jennifer Miller,6.5,4.3,79.3,10.2,64.8,48.8,61.0,1,61.5,94.0,Low
STU0903,Deepak Williams,6.3,7.5,84.3,18.5,79.6,79.7,88.1,1,88.7,100.0,Low
STU0904,Vikram Wilson,7.4,2.8,99.3,14.0,86.9,90.0,88.2,1,88.5,100.0,Low
STU0905,Mary Rao,5.2,7.4,86.3,11.4,86.7,66.1,72.4,1,73.4,100.0,Low
STU0906,Mary Anderson,7.9,3.9,84.6,14.5,93.3,73.1,82.8,1,81.0,100.0,Low
STU0907,Neha Gupta,6.5,6.9,67.7,3.4,54.0,54.8,45.8,0,46.9,24.0,High
STU0908,Richard Hernandez,5.6,2.0,93.0,5.8,63.7,46.0,56.6,1,57.8,94.0,Low
STU0909,Ishaan Miller,6.5,5.6,91.7,5.4,76.6,81.5,70.8,1,73.1,100.0,Low
STU0910,Richard Patel,8.5,3.2,100.0,12.8,81.0,73.1,76.2,1,76.3,100.0,Low
STU0911,John Johnson,6.4,2.0,80.3,21.5,87.2,87.0,79.0,1,85.2,100.0,Low
STU0912,Manish Rao,7.4,4.9,86.6,24.3,100.0,88.1,100.0,1,98.8,100.0,Low
STU0913,Divya Singh,6.1,6.3,87.0,15.5,95.0,88.5,85.7,1,86.6,100.0,Low
STU0914,Sanjana Patel,7.9,3.0,100.0,14.8,93.8,86.0,98.1,1,95.0,100.0,Low
STU0915,Pranav Martinez,7.8,1.8,82.9,2.1,51.9,58.8,63.3,1,53.4,80.0,Low
STU0916,Manish Anderson,9.2,4.3,87.3,9.0,79.3,63.6,62.7,1,65.2,100.0,Low
STU0917,Arjun Joshi,6.8,4.3,91.3,7.7,87.8,77.1,71.1,1,73.9,100.0,Low
STU0918,Barbara Jones,7.8,5.5,86.2,8.6,72.2,54.8,80.1,1,62.4,92.0,Low
STU0919,Thomas Anderson,7.1,6.2,78.6,11.1,89.5,74.9,87.3,1,84.0,100.0,Low
STU0920,Sarah Jones,8.6,4.4,86.3,9.4,90.2,62.0,71.3,1,71.8,100.0,Low
STU0921,Thomas Hernandez,6.1,7.8,96.9,1.1,86.7,75.1,73.6,1,74.3,98.0,Low
STU0922,Karen Smith,7.9,4.9,71.7,16.1,83.1,74.3,74.5,1,76.2,100.0,Low
STU0923,James Singh,6.8,3.9,85.6,6.1,77.8,71.7,73.4,1,73.3,99.0,Low
STU0924,William Gupta,6.9,1.6,75.6,13.3,91.9,71.9,72.7,1,73.9,100.0,Low
STU0925,David Jones,7.1,4.0,98.3,23.4,100.0,78.4,83.7,1,95.0,100.0,Low
STU0926,Vikram Thomas,7.3,3.9,65.7,6.9,58.2,52.7,47.2,0,51.0,30.0,High
STU0927,Saurabh Rodriguez,6.9,6.2,77.3,1.0,55.7,62.5,56.8,1,57.1,91.0,Low
STU0928,Ananya Johnson,7.3,5.3,88.5,10.4,82.2,74.2,70.4,1,72.5,100.0,Low
STU0929,Richard Gupta,8.9,2.4,100.0,18.1,84.2,96.2,96.8,1,95.8,100.0,Low
STU0930,Vikram Jones,8.2,4.8,83.2,22.8,94.4,88.9,89.0,1,90.6,100.0,Low
STU0931,William Verma,8.0,5.7,77.3,5.2,77.4,54.4,55.4,1,55.5,90.0,Low
STU0932,Ananya Johnson,6.5,7.3,100.0,14.7,70.1,76.3,88.2,1,85.4,100.0,Low
STU0933,Sneha Gupta,5.9,6.1,66.6,9.4,82.7,63.7,67.7,1,68.9,100.0,Low
STU0934,Deepak Martinez,8.1,5.9,57.6,11.4,77.1,43.2,55.6,1,57.8,98.0,Low
STU0935,Charles Miller,8.1,4.6,89.3,26.5,99.8,100.0,100.0,1,99.8,100.0,Low
STU0936,Robert Jones,8.8,5.2,78.0,3.7,70.0,64.2,65.1,1,64.4,98.0,Low
STU0937,Sarah Davis,6.3,6.7,71.7,13.4,76.0,79.6,85.9,1,77.6,100.0,Low
STU0938,Amit Jones,6.7,2.1,92.5,14.6,100.0,66.9,78.6,1,79.3,100.0,Low
STU0939,Thomas Hernandez,5.0,3.9,86.9,18.0,100.0,91.3,91.4,1,88.6,100.0,Low
STU0940,Pooja Smith,6.5,3.1,77.2,12.5,63.3,88.7,72.2,1,75.7,100.0,Low
STU0941,Charles Garcia,8.2,5.2,68.6,13.7,80.7,58.3,65.2,1,65.3,100.0,Low
STU0942,Richard Singh,6.4,6.7,94.5,9.8,79.9,80.7,86.5,1,79.1,100.0,Low
STU0943,Ananya Jones,7.8,3.4,91.8,13.5,87.0,77.9,91.0,1,84.3,100.0,Low
STU0944,Divya Thomas,6.8,1.0,82.8,10.1,69.3,57.9,72.0,1,70.6,100.0,Low
STU0945,Mary Gonzalez,7.4,3.8,100.0,15.4,100.0,87.4,82.4,1,85.4,100.0,Low
STU0946,Deepak Miller,5.6,6.1,71.2,10.0,81.0,72.1,77.9,1,76.1,100.0,Low
STU0947,Pranav Verma,7.1,5.5,65.7,14.1,66.6,63.4,56.6,1,59.2,100.0,Low
STU0948,Rohan Gonzalez,4.0,5.3,75.7,11.8,62.2,78.8,79.7,1,80.9,100.0,Low
STU0949,William Jones,6.8,4.0,83.5,18.2,85.2,66.9,77.9,1,79.3,100.0,Low
STU0950,Susan Miller,5.0,2.2,86.9,11.7,85.3,61.8,77.1,1,75.5,100.0,Low
STU0951,Karen Joshi,8.4,5.4,81.1,2.2,66.3,61.2,51.7,1,56.0,96.0,Low
STU0952,Patricia Johnson,7.9,3.0,88.2,18.9,100.0,83.2,98.5,1,96.8,100.0,Low
STU0953,Sneha Williams,7.6,8.4,69.0,7.0,72.9,55.3,50.6,1,53.8,97.0,Low
STU0954,Michael Anderson,8.8,5.5,100.0,8.4,92.3,81.6,79.1,1,80.2,100.0,Low
STU0955,Mary Lopez,5.9,3.5,83.0,8.7,77.8,72.9,67.1,1,68.7,100.0,Low
STU0956,Charles Verma,9.1,3.4,97.4,19.6,84.2,94.3,86.5,1,88.9,100.0,Low
STU0957,Mary Gupta,8.1,4.3,88.1,1.0,63.6,60.5,60.3,1,60.8,100.0,Low
STU0958,Mary Mehta,6.7,4.1,89.5,29.3,100.0,100.0,100.0,1,99.8,100.0,Low
STU0959,Jessica Lopez,8.4,6.5,90.8,17.8,91.6,79.1,100.0,1,94.5,100.0,Low
STU0960,Robert Kumar,5.7,4.8,89.4,13.2,89.5,93.0,90.1,1,86.9,100.0,Low
STU0961,Sanjana Wilson,6.0,3.2,91.7,11.7,80.2,69.2,83.3,1,79.7,100.0,Low
STU0962,Charles Moore,6.3,7.9,99.9,13.6,80.1,98.1,94.8,1,91.1,100.0,Low
STU0963,Manish Smith,6.4,4.6,86.4,14.9,84.3,77.7,85.6,1,85.2,100.0,Low
STU0964,Deepak Rodriguez,5.7,5.9,92.5,15.5,92.6,69.6,80.2,1,80.4,100.0,Low
STU0965,Manish Martin,8.5,3.4,82.9,15.1,77.5,87.2,86.4,1,85.7,100.0,Low
STU0966,John Kumar,6.7,5.2,100.0,12.5,86.4,81.0,88.9,1,86.9,100.0,Low
STU0967,Jennifer Singh,7.4,5.1,75.9,10.9,64.9,75.2,68.9,1,71.7,100.0,Low
STU0968,Charles Gonzalez,6.3,1.1,100.0,11.2,98.0,88.2,89.0,1,89.5,100.0,Low
STU0969,Deepak Kumar,4.8,8.1,83.5,10.9,75.2,74.2,75.0,1,75.5,100.0,Low
STU0970,Jessica Williams,7.3,6.8,66.8,18.2,95.2,68.8,83.3,1,81.4,100.0,Low
STU0971,Mary Taylor,4.7,3.8,85.5,15.3,100.0,85.4,82.2,1,83.6,100.0,Low
STU0972,Kavya Lopez,6.9,2.5,75.8,1.0,58.6,56.5,53.8,1,53.4,95.0,Low
STU0973,Susan Gupta,5.4,5.1,94.1,15.6,80.4,86.8,100.0,1,94.5,100.0,Low
STU0974,Linda Miller,9.4,4.7,76.2,13.1,56.9,54.0,70.7,1,63.4,84.0,Low
STU0975,Patricia Sharma,8.1,5.1,78.6,11.9,62.4,74.3,81.3,1,74.1,100.0,Low
STU0976,Patricia Kumar,7.1,4.8,61.3,9.9,51.8,56.3,57.5,1,58.4,98.0,Low
STU0977,Pranav Patel,8.5,5.4,78.6,18.2,100.0,91.5,94.1,1,92.7,100.0,Low
STU0978,Mary Anderson,6.0,7.1,54.9,17.2,74.4,72.6,79.0,1,75.2,100.0,Low
STU0979,Barbara Patel,7.7,5.5,65.0,7.7,67.9,62.2,70.7,1,59.6,100.0,Low
STU0980,Riya Singh,7.2,2.6,93.1,14.2,65.6,83.2,71.6,1,75.8,100.0,Low
STU0981,Manish Gupta,7.3,7.0,93.4,6.7,64.8,62.4,59.3,1,61.9,99.0,Low
STU0982,Sneha Moore,8.5,7.5,89.1,4.4,80.0,78.9,81.6,1,79.2,100.0,Low
STU0983,Divya Miller,7.9,10.2,72.4,8.6,72.0,80.2,71.1,1,72.0,100.0,Low
STU0984,Joseph Taylor,7.3,2.5,83.4,16.7,85.3,81.5,81.3,1,83.1,100.0,Low
STU0985,Susan Verma,5.0,4.9,84.0,17.2,93.4,92.0,84.4,1,85.2,100.0,Low
STU0986,Mary Jackson,5.8,1.0,70.1,14.8,93.6,66.2,71.3,1,75.7,100.0,Low
STU0987,Karen Singh,6.9,5.5,100.0,16.0,91.8,77.8,79.8,1,88.6,100.0,Low
STU0988,Charles Williams,7.1,3.5,94.5,14.8,90.1,80.9,99.4,1,95.4,100.0,Low
STU0989,Manish Joshi,5.6,8.0,81.3,8.5,75.3,71.2,71.2,1,71.2,100.0,Low
STU0990,Pranav Taylor,9.9,3.1,84.3,14.4,100.0,72.8,81.4,1,81.0,100.0,Low
STU0991,Karen Thomas,8.8,1.5,86.5,16.4,66.9,83.6,87.6,1,86.5,100.0,Low
STU0992,Neha Wilson,7.7,3.7,59.5,16.1,80.7,70.6,79.0,1,76.0,100.0,Low
STU0993,William Verma,7.1,1.0,81.0,18.5,87.1,71.6,87.9,1,85.4,100.0,Low
STU0994,Michael Johnson,6.7,5.9,75.8,15.9,87.4,78.6,88.2,1,86.7,100.0,Low
STU0995,Rohan Jones,5.9,1.0,72.0,13.9,70.3,77.4,72.1,1,74.9,100.0,Low
STU0996,Karen Kumar,7.1,4.6,80.6,17.9,86.7,80.1,83.5,1,87.8,100.0,Low
STU0997,William Rao,7.3,1.0,100.0,11.9,95.0,88.5,94.4,1,91.9,100.0,Low
STU0998,Joseph Rao,5.5,3.9,91.7,7.1,100.0,60.5,68.4,1,69.7,100.0,Low
STU0999,Vikram Thomas,7.4,7.5,77.1,11.1,83.3,72.9,74.5,1,75.1,100.0,Low
STU1000,David Jackson,6.8,5.1,90.9,7.9,68.8,61.5,70.2,1,68.8,100.0,Low
